groupName,permission
Behindhand Abdominous Batik crumbler,EXECUTE
Behindhand Abdominous Batik crumbler,OBSERVE
Behindhand Abdominous Batik crumbler,ADJUST
Behindhand Abdominous Batik crumbler,STEW
Plaintively Fold Boreholes baptizer,FIST
Galvanically Misbegot Sudden infant death syndrome offender,STROKE
Galvanically Misbegot Sudden infant death syndrome offender,FONDLE
Galvanically Misbegot Sudden infant death syndrome offender,READ
BCE Bribable Rabbit-eared bandicoot roper,FIST
BCE Bribable Rabbit-eared bandicoot roper,FONDLE
BCE Bribable Rabbit-eared bandicoot roper,LICK
BCE Bribable Rabbit-eared bandicoot roper,STEW
Dispensatorily Discretionary Shoddy befriender,FONDLE
Dispensatorily Discretionary Shoddy befriender,STROKE
Dispensatorily Discretionary Shoddy befriender,ADJUST
Dispensatorily Discretionary Shoddy befriender,FIST
Impassibly Posological Resect grader,STEW
Impassibly Posological Resect grader,ADJUST
Adverbially Bilious Cinema bottler,EXECUTE
Adverbially Bilious Cinema bottler,READ
Adverbially Bilious Cinema bottler,WRITE
Adverbially Bilious Cinema bottler,STROKE
Sorrily Snuffly Dystopias disputer,EXECUTE
Defensibly Elastic Paigles purger,OBSERVE
Superficially Practicing Ginglymostoma grader,READ
Superficially Practicing Ginglymostoma grader,FIST
Superficially Practicing Ginglymostoma grader,STEW
Puckishly Sunfast Audiphone converter,ADJUST
Loyally Party-spirited Embryotomies crooner,LAUGH
Sartorially Expansionary Family Gyrinidae deporter,PUNCH
Trickily Shellshocked Barchans divider,EXECUTE
Trickily Shellshocked Barchans divider,READ
Trickily Shellshocked Barchans divider,STEW
Nutritionally Warmed Winze demoralizer,LICK
Nutritionally Warmed Winze demoralizer,LAUGH
To a great extent Lydian Caricatures inspirer,OBSERVE
To a great extent Lydian Caricatures inspirer,FIST
To a great extent Lydian Caricatures inspirer,PUNCH
To a great extent Lydian Caricatures inspirer,STROKE
To a great extent Lydian Caricatures inspirer,WRITE
Spikily Several Speculator hastener,LICK
Spikily Several Speculator hastener,WRITE
Spikily Several Speculator hastener,OBSERVE
Spikily Several Speculator hastener,READ
To that Outremer Genus Bemisia proposer,STEW
Abandonedly Unsensible Bull fiddle contender,EXECUTE
Abandonedly Unsensible Bull fiddle contender,ADJUST
Abandonedly Unsensible Bull fiddle contender,STROKE
Abandonedly Unsensible Bull fiddle contender,PUNCH
Abandonedly Unsensible Bull fiddle contender,FIST
Prolixly Dermoid Andean condor hogger,ADJUST
Prolixly Dermoid Andean condor hogger,EXECUTE
Prolixly Dermoid Andean condor hogger,RENAME
Prolixly Dermoid Andean condor hogger,FONDLE
Sou'-sou'-east Sloshy Thyrotropin-releasing hormone dredger,FIST
Sou'-sou'-east Sloshy Thyrotropin-releasing hormone dredger,STEW
Sou'-sou'-east Sloshy Thyrotropin-releasing hormone dredger,READ
Sou'-sou'-east Sloshy Thyrotropin-releasing hormone dredger,LAUGH
Nimbly Himalayan Paroxysmal trepidant abasia impeder,RENAME
Nimbly Himalayan Paroxysmal trepidant abasia impeder,LAUGH
Nimbly Himalayan Paroxysmal trepidant abasia impeder,READ
Contra Farewell Herpangia faker,FONDLE
Contra Farewell Herpangia faker,PUNCH
Contra Farewell Herpangia faker,READ
Contra Farewell Herpangia faker,EXECUTE
Amatorially Fat-witted Damns fulminator,LAUGH
Amatorially Fat-witted Damns fulminator,STEW
Amatorially Fat-witted Damns fulminator,WRITE
Accurately Mycelial Carbamate surrenderer,LICK
Ulcerously Uraemia Satin bleeder,RENAME
Cankeredly Interspinous Ride scrambler,OBSERVE
Correspondently Ascribable Back exercise yeller,WRITE
Correspondently Ascribable Back exercise yeller,EXECUTE
Out of doors Three-ply Humanizers expresser,READ
Out of doors Three-ply Humanizers expresser,STROKE
Difficultly Sombrous Dhu al-Qadah hogger,RENAME
Difficultly Sombrous Dhu al-Qadah hogger,READ
Superfluously Neap Cockerels revolver,PUNCH
Superfluously Neap Cockerels revolver,WRITE
Superfluously Neap Cockerels revolver,FONDLE
Superfluously Neap Cockerels revolver,STEW
Superfluously Neap Cockerels revolver,STROKE
Plop Unifying(a) Toils whisperer,WRITE
Demandingly Equitable Slam dunk suggester,RENAME
Demandingly Equitable Slam dunk suggester,WRITE
Inalterably Reguline Proteaceae blazer,LAUGH
Inalterably Reguline Proteaceae blazer,ADJUST
Inalterably Reguline Proteaceae blazer,STEW
Inalterably Reguline Proteaceae blazer,READ
Inalterably Reguline Proteaceae blazer,WRITE
Sporadically Adscripted Bibles cracker,WRITE
Sporadically Adscripted Bibles cracker,RENAME
Sporadically Adscripted Bibles cracker,FIST
Sporadically Adscripted Bibles cracker,EXECUTE
Sporadically Adscripted Bibles cracker,LAUGH
Geocentrically Non-Euclidean Orchestiidae allegorizer,READ
Geocentrically Non-Euclidean Orchestiidae allegorizer,LAUGH
Geocentrically Non-Euclidean Orchestiidae allegorizer,FONDLE
Geocentrically Non-Euclidean Orchestiidae allegorizer,EXECUTE
Unbecomingly Persnickety Idiopathic hemochromatosis unloader,PUNCH
Waxily Polymorphic Falconer snatcher,FONDLE
Waxily Polymorphic Falconer snatcher,WRITE
Dotingly Yokelish Ovalipes rememberer,STROKE
Aslope Immortal Brahmanism humidifier,ADJUST
Aslope Immortal Brahmanism humidifier,WRITE
Aslope Immortal Brahmanism humidifier,OBSERVE
Aslope Immortal Brahmanism humidifier,STROKE
In principle Owing Exodermises biter,STEW
Hopelessly Suppling Whiles panhandler,STEW
Hopelessly Suppling Whiles panhandler,ADJUST
Hopelessly Suppling Whiles panhandler,WRITE
Presumably Imponderable Give ponderer,OBSERVE
Memoriter Fashioned Martens crosser,OBSERVE
Memoriter Fashioned Martens crosser,FIST
Lanceolately Xyloid Varioloid remover,STROKE
Lasciviously Etymological Cockade badgerer,OBSERVE
Alphanumerically Oarless Coffeehouse allegorizer,PUNCH
Alphanumerically Oarless Coffeehouse allegorizer,ADJUST
Alphanumerically Oarless Coffeehouse allegorizer,LICK
Alphanumerically Oarless Coffeehouse allegorizer,WRITE
Alphanumerically Oarless Coffeehouse allegorizer,READ
Amoroso Prandial Righteye flounder crosser,ADJUST
Amoroso Prandial Righteye flounder crosser,STROKE
Hotly Amharic Spoonfeeding voter,ADJUST
Hotly Amharic Spoonfeeding voter,LAUGH
Hotly Amharic Spoonfeeding voter,FONDLE
Hotly Amharic Spoonfeeding voter,FIST
Hotly Amharic Spoonfeeding voter,EXECUTE
Snarlingly Gowaned Zaglossus joiner,LICK
Snarlingly Gowaned Zaglossus joiner,STEW
Snarlingly Gowaned Zaglossus joiner,WRITE
Last but not least Nonporous Remise spender,ADJUST
At any cost Afric Genus Drepanis bedder,FIST
At any cost Afric Genus Drepanis bedder,PUNCH
At any cost Afric Genus Drepanis bedder,READ
At any cost Afric Genus Drepanis bedder,ADJUST
At any cost Afric Genus Drepanis bedder,LICK
Filthily Besmeared Genus Thiobacillus enabler,OBSERVE
Filthily Besmeared Genus Thiobacillus enabler,READ
Indistinctively Palaeobotanical Subbreed flasher,EXECUTE
Busily Hoity-toity Equid brainwasher,ADJUST
Busily Hoity-toity Equid brainwasher,STEW
Busily Hoity-toity Equid brainwasher,READ
Crisscross Cuter Saltuses demonizer,READ
Crisscross Cuter Saltuses demonizer,WRITE
Crisscross Cuter Saltuses demonizer,ADJUST
Crisscross Cuter Saltuses demonizer,FONDLE
There Goosey Central Dravidian eluder,READ
There Goosey Central Dravidian eluder,STROKE
There Goosey Central Dravidian eluder,EXECUTE
Legalistically Fluidic Solenoid compeller,EXECUTE
Legalistically Fluidic Solenoid compeller,OBSERVE
Legalistically Fluidic Solenoid compeller,STEW
Legalistically Fluidic Solenoid compeller,STROKE
Insensibly Trinacrian Tacheometer farmer,STROKE
Real Fancy-free Bunnies fidgeter,STEW
Real Fancy-free Bunnies fidgeter,OBSERVE
Real Fancy-free Bunnies fidgeter,FIST
Weekdays Cherry-red Haliatus albicilla insulter,WRITE
Scatteringly Peatiest Phonotype eloper,EXECUTE
Scatteringly Peatiest Phonotype eloper,READ
Scatteringly Peatiest Phonotype eloper,RENAME
Scatteringly Peatiest Phonotype eloper,FIST
Peradventure Ivory-towered Haematocrits barbecuer,READ
Peradventure Ivory-towered Haematocrits barbecuer,ADJUST
Peradventure Ivory-towered Haematocrits barbecuer,LAUGH
And so forth Baronetical Ischaemias dispatcher,PUNCH
And so forth Baronetical Ischaemias dispatcher,EXECUTE
And so forth Baronetical Ischaemias dispatcher,RENAME
And so forth Baronetical Ischaemias dispatcher,STEW
Stragglingly Purposive Evil eye adder,READ
Stragglingly Purposive Evil eye adder,STROKE
Aflutter Unprovided Hectic miller,RENAME
Aflutter Unprovided Hectic miller,FIST
Aflutter Unprovided Hectic miller,ADJUST
Balkingly Rhinocerotic Nuclear rocket questioner,LAUGH
Primitively Undeprived Firebombs challenger,READ
Primitively Undeprived Firebombs challenger,STROKE
Primitively Undeprived Firebombs challenger,LICK
Primitively Undeprived Firebombs challenger,WRITE
Primitively Undeprived Firebombs challenger,STEW
Insidiously Weedier Season tingler,PUNCH
Insidiously Weedier Season tingler,LAUGH
Insidiously Weedier Season tingler,STROKE
Insidiously Weedier Season tingler,WRITE
Delicately Unfleshly Austerlitz stabilizer,EXECUTE
Delicately Unfleshly Austerlitz stabilizer,OBSERVE
Dashingly Bleak Croakiness humbler,FIST
Dashingly Bleak Croakiness humbler,OBSERVE
Dashingly Bleak Croakiness humbler,RENAME
Dashingly Bleak Croakiness humbler,EXECUTE
Clownishly Gradational Minimum purger,STEW
Clownishly Gradational Minimum purger,OBSERVE
Clownishly Gradational Minimum purger,ADJUST
Clownishly Gradational Minimum purger,LICK
Tantalizingly Pendant Firebomb purger,FIST
Tantalizingly Pendant Firebomb purger,LICK
Burglariously Maladroit Brackets gatherer,FONDLE
Burglariously Maladroit Brackets gatherer,PUNCH
Burglariously Maladroit Brackets gatherer,STEW
Burglariously Maladroit Brackets gatherer,STROKE
Tho Ochre Segue silencer,FIST
Tho Ochre Segue silencer,LICK
Tho Ochre Segue silencer,EXECUTE
Mumblingly Fragmentary Lobbyers inspirer,ADJUST
Mumblingly Fragmentary Lobbyers inspirer,STROKE
Mumblingly Fragmentary Lobbyers inspirer,EXECUTE
Gainfully Slovenlier EDS masterer,LAUGH
Gainfully Slovenlier EDS masterer,LICK
Gainfully Slovenlier EDS masterer,PUNCH
Histrionically Comminative Thinking choreographer,EXECUTE
Histrionically Comminative Thinking choreographer,ADJUST
Histrionically Comminative Thinking choreographer,LICK
Obscenely Ortho Colonelcy copresenter,LAUGH
Distributively Alkalotic Niger-Kordofanian language rammer,ADJUST
Distributively Alkalotic Niger-Kordofanian language rammer,FONDLE
Distributively Alkalotic Niger-Kordofanian language rammer,LICK
Distributively Alkalotic Niger-Kordofanian language rammer,STEW
Second hand Abyssal Somnambulations climber,WRITE
Second hand Abyssal Somnambulations climber,READ
Second hand Abyssal Somnambulations climber,FIST
Extraordinarily Mazed Distress cutter,OBSERVE
Extraordinarily Mazed Distress cutter,FONDLE
Extraordinarily Mazed Distress cutter,READ
Antiphrastically Pistachio Dressage appeaser,OBSERVE
Antiphrastically Pistachio Dressage appeaser,PUNCH
Thwartedly Pomaceous Caddie agitator,STEW
Guiltily Bone-covered Family Soricidae plunderer,STROKE
Guiltily Bone-covered Family Soricidae plunderer,STEW
Guiltily Bone-covered Family Soricidae plunderer,LAUGH
Guiltily Bone-covered Family Soricidae plunderer,OBSERVE
Incestuously Diacritic Ultimatums waffler,PUNCH
Incestuously Diacritic Ultimatums waffler,OBSERVE
Incestuously Diacritic Ultimatums waffler,LAUGH
Incestuously Diacritic Ultimatums waffler,FIST
Incestuously Diacritic Ultimatums waffler,RENAME
Adjacently Centralising(a) Pequots bottler,ADJUST
Adjacently Centralising(a) Pequots bottler,LAUGH
Adjacently Centralising(a) Pequots bottler,LICK
Scienter Inspectional Chapultepec bootlegger,ADJUST
Scienter Inspectional Chapultepec bootlegger,RENAME
Scienter Inspectional Chapultepec bootlegger,FONDLE
Inanely Predicative Nagpur leaker,STROKE
Compartmentally Hateable Bitthead heater,WRITE
Compartmentally Hateable Bitthead heater,OBSERVE
Compartmentally Hateable Bitthead heater,PUNCH
Compartmentally Hateable Bitthead heater,FIST
Wholesale Captive Amphisbaenas emancipator,STROKE
Wholesale Captive Amphisbaenas emancipator,READ
Wholesale Captive Amphisbaenas emancipator,EXECUTE
Crucially Lancastrian Viviparous eelpout replenisher,WRITE
Crucially Lancastrian Viviparous eelpout replenisher,STEW
Crucially Lancastrian Viviparous eelpout replenisher,LAUGH
Unmitigatedly Suffused Bedpans hater,LICK
Unmitigatedly Suffused Bedpans hater,STROKE
Deservingly Dysthymic Glove anesthesia sleeper,EXECUTE
Deservingly Dysthymic Glove anesthesia sleeper,LAUGH
Deservingly Dysthymic Glove anesthesia sleeper,OBSERVE
Deservingly Dysthymic Glove anesthesia sleeper,STROKE
Stringendo Cloying Tumor necrosis factor waiverer,EXECUTE
Magniloquently Unelated Tatterdemalion catcher,ADJUST
Magniloquently Unelated Tatterdemalion catcher,LICK
Sarcastically Brainy Hellions shrouder,STEW
Sarcastically Brainy Hellions shrouder,READ
Sarcastically Brainy Hellions shrouder,STROKE
Sarcastically Brainy Hellions shrouder,RENAME
Unfilially Untutored Leptotene maimer,FONDLE
Unfilially Untutored Leptotene maimer,ADJUST
Unfilially Untutored Leptotene maimer,STEW
Unfilially Untutored Leptotene maimer,WRITE
Unfilially Untutored Leptotene maimer,FIST
Stammeringly Dissipated Family Arcidae trier,PUNCH
Stammeringly Dissipated Family Arcidae trier,STEW
Someplace Sought Purslanes stammerer,ADJUST
Someplace Sought Purslanes stammerer,RENAME
Extraneously Tantalous Corbeling kibitzer,STEW
Extraneously Tantalous Corbeling kibitzer,READ
Extraneously Tantalous Corbeling kibitzer,RENAME
Extraneously Tantalous Corbeling kibitzer,FIST
Surprisedly Orthopedical Fostress flasher,WRITE
Surprisedly Orthopedical Fostress flasher,LICK
Due Sweated Hypopnea hurler,LAUGH
Due Sweated Hypopnea hurler,STEW
Due Sweated Hypopnea hurler,STROKE
Due Sweated Hypopnea hurler,READ
Bulkily Red-grey Defences dryer,FONDLE
Fortissimo Haematogenic Lawn chair doer,WRITE
Fortissimo Haematogenic Lawn chair doer,LICK
Fortissimo Haematogenic Lawn chair doer,LAUGH
Fortissimo Haematogenic Lawn chair doer,EXECUTE
Terminatively Equipped Toilet tissue promenader,STROKE
Terminatively Equipped Toilet tissue promenader,ADJUST
Terminatively Equipped Toilet tissue promenader,FONDLE
Terminatively Equipped Toilet tissue promenader,LAUGH
Parlando Tenderized Hereness defiler,LAUGH
Parlando Tenderized Hereness defiler,OBSERVE
Parlando Tenderized Hereness defiler,STROKE
Parlando Tenderized Hereness defiler,FONDLE
Balefully Mucilaginous Stockers recommender,STEW
Balefully Mucilaginous Stockers recommender,PUNCH
Balefully Mucilaginous Stockers recommender,READ
Balefully Mucilaginous Stockers recommender,STROKE
Rebukingly Upcoming Canebrake rattlesnake demonizer,RENAME
Rebukingly Upcoming Canebrake rattlesnake demonizer,STEW
Rebukingly Upcoming Canebrake rattlesnake demonizer,PUNCH
Rebukingly Upcoming Canebrake rattlesnake demonizer,EXECUTE
In due time Associable Literature baby-snatcher,READ
Antistrophically Unswaddled Inequitableness selector,LAUGH
Antistrophically Unswaddled Inequitableness selector,EXECUTE
Antistrophically Unswaddled Inequitableness selector,OBSERVE
Antistrophically Unswaddled Inequitableness selector,WRITE
Miraculously Bergsonian Cyclops grinner,RENAME
Miraculously Bergsonian Cyclops grinner,STEW
Unsparingly Luxury Drumhead counselor,OBSERVE
Unsparingly Luxury Drumhead counselor,LAUGH
Heartlessly Tiddly Howdy skidder,ADJUST
Heartlessly Tiddly Howdy skidder,STROKE
Evil-mindedly Puerperal Kirchner juggler,OBSERVE
Evil-mindedly Puerperal Kirchner juggler,LAUGH
Evil-mindedly Puerperal Kirchner juggler,ADJUST
Evil-mindedly Puerperal Kirchner juggler,PUNCH
Jocosely Geoidal Mustelus groper,STEW
Jocosely Geoidal Mustelus groper,LICK
Untiringly Cyclothymic Refunder governor,STROKE
Untiringly Cyclothymic Refunder governor,STEW
Untiringly Cyclothymic Refunder governor,READ
Untiringly Cyclothymic Refunder governor,FIST
Untiringly Cyclothymic Refunder governor,EXECUTE
Expensively Antacid Darter repossessor,WRITE
Expensively Antacid Darter repossessor,FIST
Expensively Antacid Darter repossessor,ADJUST
Expensively Antacid Darter repossessor,PUNCH
Microscopically Unhouseled Griffiths defiler,STROKE
Microscopically Unhouseled Griffiths defiler,OBSERVE
Microscopically Unhouseled Griffiths defiler,EXECUTE
Microscopically Unhouseled Griffiths defiler,LICK
Humblingly Pint-sized Zoograftings hater,STROKE
Full-faced Unshouted Streptomycin fancier,PUNCH
Scarce Scattershot Cannabin boaster,FIST
Scarce Scattershot Cannabin boaster,ADJUST
Scarce Scattershot Cannabin boaster,READ
Now now Inky-black Cokernut groper,FIST
Now now Inky-black Cokernut groper,LICK
Now now Inky-black Cokernut groper,OBSERVE
Probably Strict Perrault stammerer,FONDLE
Probably Strict Perrault stammerer,OBSERVE
Probably Strict Perrault stammerer,LICK
Probably Strict Perrault stammerer,LAUGH
Glibly Vesical Flatter butterer,WRITE
Levelly Eruciform Phthalic anhydride skulker,STEW
Simoniacally Tarot Rheims waster,OBSERVE
Simoniacally Tarot Rheims waster,ADJUST
Simoniacally Tarot Rheims waster,READ
Dawdlingly First-rate Jalousies rememberer,READ
Quicker Dispassionate Velveteens defier,FONDLE
Quicker Dispassionate Velveteens defier,PUNCH
Fore Chelicerate Robles puncturer,PUNCH
Puissantly Unfathered Knocker allegorizer,READ
Puissantly Unfathered Knocker allegorizer,FONDLE
Puissantly Unfathered Knocker allegorizer,ADJUST
Puissantly Unfathered Knocker allegorizer,OBSERVE
Puissantly Unfathered Knocker allegorizer,RENAME
Corporally False Uptick voter,RENAME
Corporally False Uptick voter,EXECUTE
On paper Uncollectible Sceloporus occidentalis batter,EXECUTE
On paper Uncollectible Sceloporus occidentalis batter,READ
On paper Uncollectible Sceloporus occidentalis batter,STROKE
On paper Uncollectible Sceloporus occidentalis batter,FONDLE
Thick-wittedly Rigorous Uphills tester,RENAME
Thick-wittedly Rigorous Uphills tester,STEW
Thick-wittedly Rigorous Uphills tester,PUNCH
Thick-wittedly Rigorous Uphills tester,EXECUTE
Thick-wittedly Rigorous Uphills tester,READ
Summarily Auriform Flying fox patroller,RENAME
Summarily Auriform Flying fox patroller,PUNCH
Summarily Auriform Flying fox patroller,READ
Inflammably Flagelliform Mezuza receiver,STEW
Inflammably Flagelliform Mezuza receiver,RENAME
Inflammably Flagelliform Mezuza receiver,LICK
Inflammably Flagelliform Mezuza receiver,OBSERVE
Inflammably Flagelliform Mezuza receiver,READ
Cavernously Polysyllabic Xiphosuran inquirer,WRITE
Cavernously Polysyllabic Xiphosuran inquirer,RENAME
Cavernously Polysyllabic Xiphosuran inquirer,LICK
Cavernously Polysyllabic Xiphosuran inquirer,STROKE
Cavernously Polysyllabic Xiphosuran inquirer,READ
Upright Picaresque Piscators practiser,ADJUST
Upright Picaresque Piscators practiser,FIST
Wearisomely Ventriloquistic Numismatology strutter,STEW
Wearisomely Ventriloquistic Numismatology strutter,OBSERVE
Unbeknownst Defaced Paupers coverer,WRITE
Distractedly Acidophilous Waxberry breather,STROKE
Distractedly Acidophilous Waxberry breather,PUNCH
Distractedly Acidophilous Waxberry breather,WRITE
Distractedly Acidophilous Waxberry breather,EXECUTE
Distractedly Acidophilous Waxberry breather,LAUGH
Handsomely Toplofty Christology unifier,READ
Handsomely Toplofty Christology unifier,STEW
Refractorily Zairese Lutrinae purger,STROKE
Refractorily Zairese Lutrinae purger,STEW
Reconcilably Exulting Mae West protector,LICK
Reconcilably Exulting Mae West protector,LAUGH
Reconcilably Exulting Mae West protector,STROKE
Rowdily Waterborne Derrick eloper,ADJUST
Rowdily Waterborne Derrick eloper,OBSERVE
Rowdily Waterborne Derrick eloper,LICK
Rowdily Waterborne Derrick eloper,EXECUTE
Canny Hypodermal Races pronouncer,OBSERVE
Inattentively Unevidenced Oakley spender,OBSERVE
Inattentively Unevidenced Oakley spender,LICK
Very fast Catalatic Mat comprehender,LICK
Very fast Catalatic Mat comprehender,LAUGH
Very fast Catalatic Mat comprehender,STEW
Very fast Catalatic Mat comprehender,RENAME
Very fast Catalatic Mat comprehender,READ
Downright Junoesque Afterwords snatcher,RENAME
Downright Junoesque Afterwords snatcher,LAUGH
Recreantly Varicelliform Idolizers tripper,OBSERVE
Recreantly Varicelliform Idolizers tripper,PUNCH
Recreantly Varicelliform Idolizers tripper,WRITE
Recreantly Varicelliform Idolizers tripper,LICK
Recreantly Varicelliform Idolizers tripper,STEW
Despicably Thick-skulled Magma abrogator,READ
Despicably Thick-skulled Magma abrogator,RENAME
Despicably Thick-skulled Magma abrogator,ADJUST
Despicably Thick-skulled Magma abrogator,FONDLE
Unproportionably Citrous Cinderellas badgerer,OBSERVE
Unproportionably Citrous Cinderellas badgerer,EXECUTE
Unproportionably Citrous Cinderellas badgerer,FONDLE
Unproportionably Citrous Cinderellas badgerer,READ
Saltily Presented Family Crangonidae plier,FONDLE
Saltily Presented Family Crangonidae plier,LAUGH
Prevailingly Undirected Recreational facility defier,OBSERVE
Ruddily Etiological Tineola bisselliella kibitzer,FONDLE
Ruddily Etiological Tineola bisselliella kibitzer,LICK
Ruddily Etiological Tineola bisselliella kibitzer,EXECUTE
Disappointedly Heartiest Saccharimeters impeacher,OBSERVE
Friskily Lamplit Launching muddler,ADJUST
Friskily Lamplit Launching muddler,OBSERVE
In some manner Perplexing Sates mugger,LAUGH
In some manner Perplexing Sates mugger,READ
In some manner Perplexing Sates mugger,STROKE
In some manner Perplexing Sates mugger,FONDLE
In some manner Perplexing Sates mugger,ADJUST
Either Ruttier Pistol shrimp badgerer,OBSERVE
Either Ruttier Pistol shrimp badgerer,READ
Either Ruttier Pistol shrimp badgerer,STROKE
Either Ruttier Pistol shrimp badgerer,FONDLE
Either Ruttier Pistol shrimp badgerer,LICK
Snobbishly Caducean Yaup batter,READ
Snobbishly Caducean Yaup batter,RENAME
Snobbishly Caducean Yaup batter,LAUGH
Snobbishly Caducean Yaup batter,LICK
Pillion Substantiating Veery whiner,FONDLE
Pillion Substantiating Veery whiner,READ
Pillion Substantiating Veery whiner,LAUGH
Pillion Substantiating Veery whiner,RENAME
Viewlessly Madcap Sheafs rewriter,WRITE
Viewlessly Madcap Sheafs rewriter,FONDLE
Vestigially Fluted Republic replacer,LAUGH
Vestigially Fluted Republic replacer,EXECUTE
On the dot Kosher Modernizers dognapper,PUNCH
Anamnestically Asquint Omophorions hirer,OBSERVE
Anamnestically Asquint Omophorions hirer,STEW
Anamnestically Asquint Omophorions hirer,FIST
Anamnestically Asquint Omophorions hirer,FONDLE
Torpidly Malleable Kerns anthologizer,RENAME
Synergistically Idiopathic Vitellines flusher,FONDLE
Synergistically Idiopathic Vitellines flusher,ADJUST
Synergistically Idiopathic Vitellines flusher,OBSERVE
Synergistically Idiopathic Vitellines flusher,WRITE
Remittently Bush Meths sympathizer,RENAME
Remittently Bush Meths sympathizer,EXECUTE
Remittently Bush Meths sympathizer,STEW
Remittently Bush Meths sympathizer,WRITE
Damned Mississippian Desolators reformer,READ
Damned Mississippian Desolators reformer,FONDLE
Damned Mississippian Desolators reformer,RENAME
Damned Mississippian Desolators reformer,OBSERVE
Populously Supperless Posada rapper,READ
Populously Supperless Posada rapper,STEW
Hurriedly Surfeited Victress yanker,OBSERVE
Hurriedly Surfeited Victress yanker,FIST
Ungrammatically Missing Saman gambler,LICK
Ungrammatically Missing Saman gambler,RENAME
Ungrammatically Missing Saman gambler,ADJUST
BC Comfier Trillionth objector,PUNCH
BC Comfier Trillionth objector,LAUGH
BC Comfier Trillionth objector,READ
Disappointingly Brashy Yen annoyer,LAUGH
Disappointingly Brashy Yen annoyer,FIST
Disappointingly Brashy Yen annoyer,WRITE
Disappointingly Brashy Yen annoyer,ADJUST
Holistically Self-inflicted Categorists heckler,WRITE
Holistically Self-inflicted Categorists heckler,PUNCH
Holistically Self-inflicted Categorists heckler,RENAME
Holistically Self-inflicted Categorists heckler,LAUGH
Holistically Self-inflicted Categorists heckler,READ
Sanctifyingly Sceptic Self-explication insulter,EXECUTE
Sanctifyingly Sceptic Self-explication insulter,WRITE
Juridically Endophytic Cracknels tracker,FIST
Esoterically Lucifugous Boilersuit fixer,RENAME
Esoterically Lucifugous Boilersuit fixer,LAUGH
Esoterically Lucifugous Boilersuit fixer,PUNCH
Meanspiritedly Splenic Burgonet humper,OBSERVE
Meanspiritedly Splenic Burgonet humper,FONDLE
Meanspiritedly Splenic Burgonet humper,EXECUTE
Meanspiritedly Splenic Burgonet humper,FIST
Meanspiritedly Splenic Burgonet humper,READ
Gallingly Flakey Apanages shielder,READ
Gallingly Flakey Apanages shielder,FONDLE
Gallingly Flakey Apanages shielder,LAUGH
Gallingly Flakey Apanages shielder,PUNCH
Gallingly Flakey Apanages shielder,STROKE
Mornings Dewlapped Niqab twiddler,LAUGH
Mornings Dewlapped Niqab twiddler,RENAME
Mornings Dewlapped Niqab twiddler,FIST
Mornings Dewlapped Niqab twiddler,FONDLE
Mornings Dewlapped Niqab twiddler,EXECUTE
Second-class Queasiest Mingling recruiter,FONDLE
Second-class Queasiest Mingling recruiter,EXECUTE
Significantly Iffy Counterpunch bearer,LAUGH
Significantly Iffy Counterpunch bearer,LICK
Spottily Prestissimo Bushcraft recycler,STROKE
Spottily Prestissimo Bushcraft recycler,FONDLE
Spottily Prestissimo Bushcraft recycler,OBSERVE
Spottily Prestissimo Bushcraft recycler,READ
Spottily Prestissimo Bushcraft recycler,STEW
Silverly Quaquaversal Carvel trekker,FIST
Silverly Quaquaversal Carvel trekker,STROKE
Silverly Quaquaversal Carvel trekker,FONDLE
Divertingly Stereographical Loof fumbler,READ
Divertingly Stereographical Loof fumbler,FIST
Divertingly Stereographical Loof fumbler,FONDLE
Divertingly Stereographical Loof fumbler,OBSERVE
Continently Lunar Archaist performer,READ
Continently Lunar Archaist performer,STEW
Continently Lunar Archaist performer,RENAME
Continently Lunar Archaist performer,FONDLE
Kaleidoscopically Elzevir Sphyrapicus varius tickler,PUNCH
Kaleidoscopically Elzevir Sphyrapicus varius tickler,STROKE
Kaleidoscopically Elzevir Sphyrapicus varius tickler,LICK
Kaleidoscopically Elzevir Sphyrapicus varius tickler,FONDLE
Kaleidoscopically Elzevir Sphyrapicus varius tickler,RENAME
On the way Stannic Staurikosaur abstractor,WRITE
On the way Stannic Staurikosaur abstractor,ADJUST
On the way Stannic Staurikosaur abstractor,PUNCH
On the way Stannic Staurikosaur abstractor,LICK
Orthographically Douce Lull grizzler,PUNCH
Orthographically Douce Lull grizzler,STEW
In extremis Cryptogamous Thalassoma bifasciatum comprehender,PUNCH
In extremis Cryptogamous Thalassoma bifasciatum comprehender,STROKE
In extremis Cryptogamous Thalassoma bifasciatum comprehender,READ
Incommunicado Balsamy Strymon melinus suggester,ADJUST
Incommunicado Balsamy Strymon melinus suggester,FIST
Incommunicado Balsamy Strymon melinus suggester,WRITE
Incommunicado Balsamy Strymon melinus suggester,LICK
Befittingly Aerological Spahi replenisher,STROKE
Befittingly Aerological Spahi replenisher,STEW
Unquietly Seasick Chronoperates butterer,EXECUTE
Unquietly Seasick Chronoperates butterer,LAUGH
Unquietly Seasick Chronoperates butterer,RENAME
Unquietly Seasick Chronoperates butterer,READ
Unquietly Seasick Chronoperates butterer,OBSERVE
Southeastwardly Soviet Infuser baptizer,FONDLE
Deliverly Predisposed Tumidity rapper,ADJUST
Deliverly Predisposed Tumidity rapper,FONDLE
Unmeritedly Beddable Houri renovator,ADJUST
Unmeritedly Beddable Houri renovator,FONDLE
Unmeritedly Beddable Houri renovator,READ
Unmeritedly Beddable Houri renovator,FIST
Villainously Neutral-coloured Family Ochotonidae drinker,RENAME
Villainously Neutral-coloured Family Ochotonidae drinker,FIST
Villainously Neutral-coloured Family Ochotonidae drinker,OBSERVE
Villainously Neutral-coloured Family Ochotonidae drinker,READ
Uprightly Maltreated Oxalate hider,OBSERVE
Uprightly Maltreated Oxalate hider,EXECUTE
Uprightly Maltreated Oxalate hider,ADJUST
Uprightly Maltreated Oxalate hider,LICK
Uprightly Maltreated Oxalate hider,RENAME
Mathematically Undergrown Household doer,OBSERVE
