class,wakeUpDate,expiration,description,owner,requester
sailpoint.object.WorkItem,1433794181797,1433794181797,King of Arms of Recreational therapists,Aaron.Nichols,Aaron.Nichols
sailpoint.object.WorkItem,1433794181797,1433794181797,Rajmata of Social workers,Aaron.Nichols,Aaron.Nichols
sailpoint.object.WorkItem,1433794181797,1433794181797,Gong of Agricultural and food scientists,Aaron.Nichols,Aaron.Nichols
sailpoint.object.WorkItem,1433794181797,1433794181797,Senior Aircraftman of Landscape architects,Aaron.Nichols,Aaron.Nichols
sailpoint.object.WorkItem,1433794181797,1433794181797,Fürstin of Agricultural and food scientists,Aaron.Nichols,Aaron.Nichols
sailpoint.object.WorkItem,1433794181797,1433794181797,Her/His/Your Imperial Majesty of Physicians,Aaron.Nichols,Aaron.Nichols
sailpoint.object.WorkItem,1433794181797,1433794181797,The Right Honourable of Carpenters,Aaron.Nichols,Aaron.Nichols
sailpoint.object.WorkItem,1433794181797,1433794181797,Imperator of Judges,Aaron.Nichols,Aaron.Nichols
sailpoint.object.WorkItem,1433794181797,1433794181797,Dàifu of Lawyers,Aaron.Nichols,Aaron.Nichols
sailpoint.object.WorkItem,1433794181797,1433794181797,Priest of Secretarys,Aaron.Nichols,Aaron.Nichols
sailpoint.object.WorkItem,1433794181797,1433794181797,Mandarin of Computer hardware engineers,Aaron.Nichols,Aaron.Nichols
sailpoint.object.WorkItem,1433794181797,1433794181797,Ephor of Human resources assistants,Aaron.Nichols,Aaron.Nichols
sailpoint.object.WorkItem,1433794181797,1433794181797,Assistant to the President & Deputy National Security Advisor of Recreational therapists,Aaron.Nichols,Aaron.Nichols
sailpoint.object.WorkItem,1433794181797,1433794181797,Toqui of Childcare workers,Aaron.Nichols,Aaron.Nichols
sailpoint.object.WorkItem,1433794181797,1433794181797,Ayatollah of Court reporters,Aaron.Nichols,Aaron.Nichols
sailpoint.object.WorkItem,1433794181797,1433794181797,Dathapatish of Physicists,Aaron.Nichols,Aaron.Nichols
sailpoint.object.WorkItem,1433794181797,1433794181797,Assistant to the President & Deputy National Security Advisor of Architects,Aaron.Nichols,Aaron.Nichols
sailpoint.object.WorkItem,1433794181797,1433794181797,Sahib of Database administrators,Aaron.Nichols,Aaron.Nichols
sailpoint.object.WorkItem,1433794181797,1433794181797,Decurio of Landscape architects,Aaron.Nichols,Aaron.Nichols
sailpoint.object.WorkItem,1433794181797,1433794181797,Diakonissa of Zoologists,Aaron.Nichols,Aaron.Nichols
sailpoint.object.WorkItem,1433794181797,1433794181797,Exarch of Accountants,Aaron.Nichols,Aaron.Nichols
sailpoint.object.WorkItem,1433794181797,1433794181797,Hazarapatish of Firefighters,Aaron.Nichols,Aaron.Nichols
sailpoint.object.WorkItem,1433794181797,1433794181797,Dathapatish of Anthropologists,Aaron.Nichols,Aaron.Nichols
sailpoint.object.WorkItem,1433794181797,1433794181797,Arahant of Fitness trainers,Aaron.Nichols,Aaron.Nichols
sailpoint.object.WorkItem,1433794181797,1433794181797,Madam of Surveyors,Aaron.Nichols,Aaron.Nichols
sailpoint.object.WorkItem,1433794181797,1433794181797,Ganden Tripa of Civil engineers,Aaron.Nichols,Aaron.Nichols
sailpoint.object.WorkItem,1433794181797,1433794181797,Ilarchès of Software developers,Aaron.Nichols,Aaron.Nichols
sailpoint.object.WorkItem,1433794181797,1433794181797,Grand Master of Farmers,Aaron.Nichols,Aaron.Nichols
sailpoint.object.WorkItem,1433794181797,1433794181797,Aesymnetes of Psychologists,Aaron.Nichols,Aaron.Nichols
sailpoint.object.WorkItem,1433794181797,1433794181797,Decurio of Educators,Aaron.Nichols,Aaron.Nichols
sailpoint.object.WorkItem,1433794181797,1433794181797,Despot of Environmental scientists,Aaron.Nichols,Aaron.Nichols
sailpoint.object.WorkItem,1433794181797,1433794181797,Thakore of Surveyors,Aaron.Nichols,Aaron.Nichols
sailpoint.object.WorkItem,1433794181797,1433794181797,Rani of Registered nurses,Aaron.Nichols,Aaron.Nichols
sailpoint.object.WorkItem,1433794181797,1433794181797,Sushri of Farmers,Aaron.Nichols,Aaron.Nichols
sailpoint.object.WorkItem,1433794181797,1433794181797,Maha-kshtrapa of Budget analysts,Aaron.Nichols,Aaron.Nichols
sailpoint.object.WorkItem,1433794181797,1433794181797,Captain of Landscape architects,Aaron.Nichols,Aaron.Nichols
sailpoint.object.WorkItem,1433794181797,1433794181797,Countess of Referees,Aaron.Nichols,Aaron.Nichols
sailpoint.object.WorkItem,1433794181797,1433794181797,Saint of Cost estimators,Aaron.Nichols,Aaron.Nichols
sailpoint.object.WorkItem,1433794181797,1433794181797,Dean of Fitness trainers,Aaron.Nichols,Aaron.Nichols
sailpoint.object.WorkItem,1433794181797,1433794181797,Yisheng of Referees,Aaron.Nichols,Aaron.Nichols
sailpoint.object.WorkItem,1433794181797,1433794181797,Anax of Registered nurses,Aaron.Nichols,Aaron.Nichols
sailpoint.object.WorkItem,1433794181797,1433794181797,Esquire of Architects,Aaron.Nichols,Aaron.Nichols
sailpoint.object.WorkItem,1433794181797,1433794181797,Somatophylax of Landscape architects,Aaron.Nichols,Aaron.Nichols
sailpoint.object.WorkItem,1433794181797,1433794181797,Sibyl of Musicians,Aaron.Nichols,Aaron.Nichols
sailpoint.object.WorkItem,1433794181797,1433794181797,Lonko of Civil engineers,Aaron.Nichols,Aaron.Nichols
sailpoint.object.WorkItem,1433794181797,1433794181797,Ecumenical Patriarch of Loan officers,Aaron.Nichols,Aaron.Nichols
sailpoint.object.WorkItem,1433794181797,1433794181797,Soter of Registered nurses,Aaron.Nichols,Aaron.Nichols
sailpoint.object.WorkItem,1433794181797,1433794181797,Archduchess of Budget analysts,Aaron.Nichols,Aaron.Nichols
sailpoint.object.WorkItem,1433794181797,1433794181797,Servant in the Place of Truth of Landscape architects,Aaron.Nichols,Aaron.Nichols
sailpoint.object.WorkItem,1433794181797,1433794181797,Aesymnetes of Psychologists,Aaron.Nichols,Aaron.Nichols
sailpoint.object.WorkItem,1433794181797,1433794181797,Leading Aircraftman of Librarians,Aaron.Nichols,Aaron.Nichols
sailpoint.object.WorkItem,1433794181797,1433794181797,Trierarch of Mathematicians,Aaron.Nichols,Aaron.Nichols
sailpoint.object.WorkItem,1433794181797,1433794181797,Shogun of Editors,Aaron.Nichols,Aaron.Nichols
sailpoint.object.WorkItem,1433794181797,1433794181797,Lugal of Librarians,Aaron.Nichols,Aaron.Nichols
sailpoint.object.WorkItem,1433794181797,1433794181797,Yishi of Educators,Aaron.Nichols,Aaron.Nichols
sailpoint.object.WorkItem,1433794181797,1433794181797,Dux of Budget analysts,Aaron.Nichols,Aaron.Nichols
sailpoint.object.WorkItem,1433794181797,1433794181797,Kumari of Environmental scientists,Aaron.Nichols,Aaron.Nichols
sailpoint.object.WorkItem,1433794181797,1433794181797,Grand prince of Zoologists,Aaron.Nichols,Aaron.Nichols
sailpoint.object.WorkItem,1433794181797,1433794181797,Esquire of Microbiologists,Aaron.Nichols,Aaron.Nichols
sailpoint.object.WorkItem,1433794181797,1433794181797,Pope of Web developers,Aaron.Nichols,Aaron.Nichols
sailpoint.object.WorkItem,1433794181797,1433794181797,Selected Lady of Database administrators,Aaron.Nichols,Aaron.Nichols
sailpoint.object.WorkItem,1433794181797,1433794181797,Arhat of Computer hardware engineers,Aaron.Nichols,Aaron.Nichols
sailpoint.object.WorkItem,1433794181797,1433794181797,Choregos of Computer support specialists,Aaron.Nichols,Aaron.Nichols
sailpoint.object.WorkItem,1433794181797,1433794181797,Patroon of Firefighters,Aaron.Nichols,Aaron.Nichols
sailpoint.object.WorkItem,1433794181797,1433794181797,Dilochitès of Farmers,Aaron.Nichols,Aaron.Nichols
sailpoint.object.WorkItem,1433794181797,1433794181797,Lugal of Civil engineers,Aaron.Nichols,Aaron.Nichols
sailpoint.object.WorkItem,1433794181797,1433794181797,Diakonissa of Referees,Aaron.Nichols,Aaron.Nichols
sailpoint.object.WorkItem,1433794181797,1433794181797,Bapu of Agricultural and food scientists,Aaron.Nichols,Aaron.Nichols
sailpoint.object.WorkItem,1433794181797,1433794181797,Malikah of Bookkeeping clerks,Aaron.Nichols,Aaron.Nichols
sailpoint.object.WorkItem,1433794181797,1433794181797,Fan-bearer on the Right Side of the King of Recreational therapists,Aaron.Nichols,Aaron.Nichols
sailpoint.object.WorkItem,1433794181797,1433794181797,Abbess of Pharmacists,Aaron.Nichols,Aaron.Nichols
sailpoint.object.WorkItem,1433794181797,1433794181797,Associate Professor of Artists,Aaron.Nichols,Aaron.Nichols
sailpoint.object.WorkItem,1433794181797,1433794181797,Patriarch of Firefighters,Aaron.Nichols,Aaron.Nichols
sailpoint.object.WorkItem,1433794181797,1433794181797,Recipient from the Inner Chamber of Registered nurses,Aaron.Nichols,Aaron.Nichols
sailpoint.object.WorkItem,1433794181797,1433794181797,Nuncio of Accountants,Aaron.Nichols,Aaron.Nichols
sailpoint.object.WorkItem,1433794181797,1433794181797,Epihipparch of Budget analysts,Aaron.Nichols,Aaron.Nichols
sailpoint.object.WorkItem,1433794181797,1433794181797,Grand Inquisitor of Social workers,Aaron.Nichols,Aaron.Nichols
sailpoint.object.WorkItem,1433794181797,1433794181797,Imperator of Educators,Aaron.Nichols,Aaron.Nichols
sailpoint.object.WorkItem,1433794181797,1433794181797,Dàifu of Desktop publishers,Aaron.Nichols,Aaron.Nichols
sailpoint.object.WorkItem,1433794181797,1433794181797,Sultan of Electrical engineers,Aaron.Nichols,Aaron.Nichols
sailpoint.object.WorkItem,1433794181797,1433794181797,Lord Great Chamberlain of Artists,Aaron.Nichols,Aaron.Nichols
sailpoint.object.WorkItem,1433794181797,1433794181797,Assistant Professor of Computer hardware engineers,Aaron.Nichols,Aaron.Nichols
sailpoint.object.WorkItem,1433794181797,1433794181797,Grand duke of Real estate agents,Aaron.Nichols,Aaron.Nichols
sailpoint.object.WorkItem,1433794181797,1433794181797,Imperator of Electrical engineers,Aaron.Nichols,Aaron.Nichols
sailpoint.object.WorkItem,1433794181797,1433794181797,Lord Privy Seal of Drafters,Aaron.Nichols,Aaron.Nichols
sailpoint.object.WorkItem,1433794181797,1433794181797,Tagmatarchis of Database administrators,Aaron.Nichols,Aaron.Nichols
sailpoint.object.WorkItem,1433794181797,1433794181797,Lonko of Pornographers,Aaron.Nichols,Aaron.Nichols
sailpoint.object.WorkItem,1433794181797,1433794181797,Archimandrite of Computer hardware engineers,Aaron.Nichols,Aaron.Nichols
sailpoint.object.WorkItem,1433794181797,1433794181797,Duchess of Computer support specialists,Aaron.Nichols,Aaron.Nichols
sailpoint.object.WorkItem,1433794181797,1433794181797,Sparapet of Microbiologists,Aaron.Nichols,Aaron.Nichols
sailpoint.object.WorkItem,1433794181797,1433794181797,Admiral of the Fleet of Cost estimators,Aaron.Nichols,Aaron.Nichols
sailpoint.object.WorkItem,1433794181797,1433794181797,Lugal of Paralegals,Aaron.Nichols,Aaron.Nichols
sailpoint.object.WorkItem,1433794181797,1433794181797,Earl of Anthropologists,Aaron.Nichols,Aaron.Nichols
sailpoint.object.WorkItem,1433794181797,1433794181797,Inquisitor of Professional athletes,Aaron.Nichols,Aaron.Nichols
sailpoint.object.WorkItem,1433794181797,1433794181797,Jagirdar of Software developers,Aaron.Nichols,Aaron.Nichols
sailpoint.object.WorkItem,1433794181797,1433794181797,Fan-bearer on the Right Side of the King of Computer hardware engineers,Aaron.Nichols,Aaron.Nichols
sailpoint.object.WorkItem,1433794181797,1433794181797,Her/His/Your Excellency of Zoologists,Aaron.Nichols,Aaron.Nichols
sailpoint.object.WorkItem,1433794181797,1433794181797,Gothi of Database administrators,Aaron.Nichols,Aaron.Nichols
sailpoint.object.WorkItem,1433794181797,1433794181797,Hazarapatish of Systems analysts,Aaron.Nichols,Aaron.Nichols
sailpoint.object.WorkItem,1433794181797,1433794181797,Nakharar of Computer hardware engineers,Aaron.Nichols,Aaron.Nichols
sailpoint.object.WorkItem,1433794181797,1433794181797,Service Provider of Physicians,Aaron.Nichols,Aaron.Nichols
sailpoint.object.WorkItem,1433794181797,1433794181797,High priest of Pornographers,Aaron.Nichols,Aaron.Nichols
sailpoint.object.WorkItem,1433794181797,1433794181797,Sebastos of Human resources assistants,Aaron.Nichols,Aaron.Nichols
sailpoint.object.WorkItem,1433794181797,1433794181797,Ganden Tripa of Human resources assistants,Aaron.Nichols,Aaron.Nichols
sailpoint.object.WorkItem,1433794181797,1433794181797,Dathapatish of Physicists,Aaron.Nichols,Aaron.Nichols
sailpoint.object.WorkItem,1433794181797,1433794181797,Basileus of Architects,Aaron.Nichols,Aaron.Nichols
sailpoint.object.WorkItem,1433794181797,1433794181797,Nobilissimus of Real estate agents,Aaron.Nichols,Aaron.Nichols
sailpoint.object.WorkItem,1433794181797,1433794181797,Hieromonk of Fitness trainers,Aaron.Nichols,Aaron.Nichols
sailpoint.object.WorkItem,1433794181797,1433794181797,Proxenos of Reporters,Aaron.Nichols,Aaron.Nichols
sailpoint.object.WorkItem,1433794181797,1433794181797,Hierodeacon of Anthropologists,Aaron.Nichols,Aaron.Nichols
sailpoint.object.WorkItem,1433794181797,1433794181797,Princess of Paralegals,Aaron.Nichols,Aaron.Nichols
sailpoint.object.WorkItem,1433794181797,1433794181797,Aircraftman of Social workers,Aaron.Nichols,Aaron.Nichols
sailpoint.object.WorkItem,1433794181797,1433794181797,Furén of Budget analysts,Aaron.Nichols,Aaron.Nichols
sailpoint.object.WorkItem,1433794181797,1433794181797,King of Zoologists,Aaron.Nichols,Aaron.Nichols
sailpoint.object.WorkItem,1433794181797,1433794181797,The Most Honourable of Paralegals,Aaron.Nichols,Aaron.Nichols
sailpoint.object.WorkItem,1433794181797,1433794181797,Primate of Historians,Aaron.Nichols,Aaron.Nichols
sailpoint.object.WorkItem,1433794181797,1433794181797,Xiansheng of Agricultural and food scientists,Aaron.Nichols,Aaron.Nichols
sailpoint.object.WorkItem,1433794181797,1433794181797,Theorodokoi of Historians,Aaron.Nichols,Aaron.Nichols
sailpoint.object.WorkItem,1433794181797,1433794181797,Princeps of Loan officers,Aaron.Nichols,Aaron.Nichols
sailpoint.object.WorkItem,1433794181797,1433794181797,Yuvraj of Urban planners,Aaron.Nichols,Aaron.Nichols
sailpoint.object.WorkItem,1433794181797,1433794181797,Count Palatine of Bookkeeping clerks,Aaron.Nichols,Aaron.Nichols
sailpoint.object.WorkItem,1433794181797,1433794181797,Squire of Artists,Aaron.Nichols,Aaron.Nichols
sailpoint.object.WorkItem,1433794181797,1433794181797,Patroon of Surveyors,Aaron.Nichols,Aaron.Nichols
sailpoint.object.WorkItem,1433794181797,1433794181797,Corrector of Secretarys,Aaron.Nichols,Aaron.Nichols
sailpoint.object.WorkItem,1433794181797,1433794181797,Princess of Computer hardware engineers,Aaron.Nichols,Aaron.Nichols
sailpoint.object.WorkItem,1433794181797,1433794181797,Lochagos of Registered nurses,Aaron.Nichols,Aaron.Nichols
sailpoint.object.WorkItem,1433794181797,1433794181797,Sebastokrator of Paralegals,Aaron.Nichols,Aaron.Nichols
sailpoint.object.WorkItem,1433794181797,1433794181797,Junior Technician of Chemists,Aaron.Nichols,Aaron.Nichols
sailpoint.object.WorkItem,1433794181797,1433794181797,Associate Professor of Judges,Aaron.Nichols,Aaron.Nichols
sailpoint.object.WorkItem,1433794181797,1433794181797,Asapatish of Budget analysts,Aaron.Nichols,Aaron.Nichols
sailpoint.object.WorkItem,1433794181797,1433794181797,Fan-bearer on the Right Side of the King of Software developers,Aaron.Nichols,Aaron.Nichols
sailpoint.object.WorkItem,1433794181797,1433794181797,Elder of Physicists,Aaron.Nichols,Aaron.Nichols
sailpoint.object.WorkItem,1433794181797,1433794181797,Raja of Web developers,Aaron.Nichols,Aaron.Nichols
sailpoint.object.WorkItem,1433794181797,1433794181797,Kolakretai of Recreational therapists,Aaron.Nichols,Aaron.Nichols
sailpoint.object.WorkItem,1433794181797,1433794181797,Evangelist of Real estate agents,Aaron.Nichols,Aaron.Nichols
sailpoint.object.WorkItem,1433794181797,1433794181797,Rector of Lawyers,Aaron.Nichols,Aaron.Nichols
sailpoint.object.WorkItem,1433794181797,1433794181797,Chairman of Mathematicians,Aaron.Nichols,Aaron.Nichols
sailpoint.object.WorkItem,1433794181797,1433794181797,Hellenotamiae of Paralegals,Aaron.Nichols,Aaron.Nichols
sailpoint.object.WorkItem,1433794181797,1433794181797,Propagator of Deportment of Childcare workers,Aaron.Nichols,Aaron.Nichols
sailpoint.object.WorkItem,1433794181797,1433794181797,Baivarapatish of Landscape architects,Aaron.Nichols,Aaron.Nichols
sailpoint.object.WorkItem,1433794181797,1433794181797,Pharaoh of Environmental scientists,Aaron.Nichols,Aaron.Nichols
sailpoint.object.WorkItem,1433794181797,1433794181797,Countess of Lawyers,Aaron.Nichols,Aaron.Nichols
sailpoint.object.WorkItem,1433794181797,1433794181797,Palatine of Software developers,Aaron.Nichols,Aaron.Nichols
sailpoint.object.WorkItem,1433794181797,1433794181797,Nawabzada of Computer support specialists,Aaron.Nichols,Aaron.Nichols
sailpoint.object.WorkItem,1433794181797,1433794181797,Nomarch of Recreational therapists,Aaron.Nichols,Aaron.Nichols
sailpoint.object.WorkItem,1433794181797,1433794181797,Priest of Computer support specialists,Aaron.Nichols,Aaron.Nichols
sailpoint.object.WorkItem,1433794181797,1433794181797,Peace Be Upon Him of Police officers,Aaron.Nichols,Aaron.Nichols
sailpoint.object.WorkItem,1433794181797,1433794181797,Captain of Computer support specialists,Aaron.Nichols,Aaron.Nichols
sailpoint.object.WorkItem,1433794181797,1433794181797,Deacon of Farmers,Aaron.Nichols,Aaron.Nichols
sailpoint.object.WorkItem,1433794181797,1433794181797,Weiyuán of Social workers,Aaron.Nichols,Aaron.Nichols
sailpoint.object.WorkItem,1433794181797,1433794181797,Doña of Physicians,Aaron.Nichols,Aaron.Nichols
sailpoint.object.WorkItem,1433794181797,1433794181797,Somatophylax of Reporters,Aaron.Nichols,Aaron.Nichols
sailpoint.object.WorkItem,1433794181797,1433794181797,Chief of Computer support specialists,Aaron.Nichols,Aaron.Nichols
sailpoint.object.WorkItem,1433794181797,1433794181797,Zhuxi of Paralegals,Aaron.Nichols,Aaron.Nichols
sailpoint.object.WorkItem,1433794181797,1433794181797,Shifu of Systems analysts,Aaron.Nichols,Aaron.Nichols
sailpoint.object.WorkItem,1433794181797,1433794181797,The Right Honourable of Financial analysts,Aaron.Nichols,Aaron.Nichols
sailpoint.object.WorkItem,1433794181797,1433794181797,King of Agricultural and food scientists,Aaron.Nichols,Aaron.Nichols
sailpoint.object.WorkItem,1433794181797,1433794181797,Maharana of Environmental scientists,Aaron.Nichols,Aaron.Nichols
sailpoint.object.WorkItem,1433794181797,1433794181797,Theoroi of Automotive mechanics,Aaron.Nichols,Aaron.Nichols
sailpoint.object.WorkItem,1433794181797,1433794181797,Despot of Judges,Aaron.Nichols,Aaron.Nichols
sailpoint.object.WorkItem,1433794181797,1433794181797,Chairman of Urban planners,Aaron.Nichols,Aaron.Nichols
sailpoint.object.WorkItem,1433794181797,1433794181797,Paygan Salarapoo of Human resources assistants,Aaron.Nichols,Aaron.Nichols
sailpoint.object.WorkItem,1433794181797,1433794181797,Nobilissimus of Coachs,Aaron.Nichols,Aaron.Nichols
sailpoint.object.WorkItem,1433794181797,1433794181797,Patroon of Childcare workers,Aaron.Nichols,Aaron.Nichols
sailpoint.object.WorkItem,1433794181797,1433794181797,Chiliarch of Mathematicians,Aaron.Nichols,Aaron.Nichols
sailpoint.object.WorkItem,1433794181797,1433794181797,Admiral of the Fleet of Cost estimators,Aaron.Nichols,Aaron.Nichols
sailpoint.object.WorkItem,1433794181797,1433794181797,Her/ His/ Your Serene Highness of Artists,Aaron.Nichols,Aaron.Nichols
sailpoint.object.WorkItem,1433794181797,1433794181797,Malik of Drafters,Aaron.Nichols,Aaron.Nichols
sailpoint.object.WorkItem,1433794181797,1433794181797,Tóngzhi of Anthropologists,Aaron.Nichols,Aaron.Nichols
sailpoint.object.WorkItem,1433794181797,1433794181797,Grand duke of Coachs,Aaron.Nichols,Aaron.Nichols
sailpoint.object.WorkItem,1433794181797,1433794181797,Duchess of Photographers,Aaron.Nichols,Aaron.Nichols
sailpoint.object.WorkItem,1433794181797,1433794181797,Praetor of Economists,Aaron.Nichols,Aaron.Nichols
sailpoint.object.WorkItem,1433794181797,1433794181797,Dom of Accountants,Aaron.Nichols,Aaron.Nichols
sailpoint.object.WorkItem,1433794181797,1433794181797,Bishop of Web developers,Aaron.Nichols,Aaron.Nichols
sailpoint.object.WorkItem,1433794181797,1433794181797,Varma of Actuarys,Aaron.Nichols,Aaron.Nichols
sailpoint.object.WorkItem,1433794181797,1433794181797,Temple boy of Actors,Aaron.Nichols,Aaron.Nichols
sailpoint.object.WorkItem,1433794181797,1433794181797,Count of Photographers,Aaron.Nichols,Aaron.Nichols
sailpoint.object.WorkItem,1433794181797,1433794181797,Don of Web developers,Aaron.Nichols,Aaron.Nichols
sailpoint.object.WorkItem,1433794181797,1433794181797,Nakharar of Historians,Aaron.Nichols,Aaron.Nichols
sailpoint.object.WorkItem,1433794181797,1433794181797,Junior Technician of Surveyors,Aaron.Nichols,Aaron.Nichols
sailpoint.object.WorkItem,1433794181797,1433794181797,Tsar of Mathematicians,Aaron.Nichols,Aaron.Nichols
sailpoint.object.WorkItem,1433794181797,1433794181797,Navarch of Automotive mechanics,Aaron.Nichols,Aaron.Nichols
sailpoint.object.WorkItem,1433794181797,1433794181797,Fürstin of Electrical engineers,Aaron.Nichols,Aaron.Nichols
sailpoint.object.WorkItem,1433794181797,1433794181797,Protodeacon of Accountants,Aaron.Nichols,Aaron.Nichols
sailpoint.object.WorkItem,1433794181797,1433794181797,Grand Admiral of Lawyers,Aaron.Nichols,Aaron.Nichols
sailpoint.object.WorkItem,1433794181797,1433794181797,Shah of Financial analysts,Aaron.Nichols,Aaron.Nichols
sailpoint.object.WorkItem,1433794181797,1433794181797,Lugal of Loan officers,Aaron.Nichols,Aaron.Nichols
sailpoint.object.WorkItem,1433794181797,1433794181797,God's Wife of Professional athletes,Aaron.Nichols,Aaron.Nichols
sailpoint.object.WorkItem,1433794181797,1433794181797,Shigong of Lawyers,Aaron.Nichols,Aaron.Nichols
sailpoint.object.WorkItem,1433794181797,1433794181797,Esquire of Bookkeeping clerks,Aaron.Nichols,Aaron.Nichols
sailpoint.object.WorkItem,1433794181797,1433794181797,Yishi of Drafters,Aaron.Nichols,Aaron.Nichols
sailpoint.object.WorkItem,1433794181797,1433794181797,Mullah of Loan officers,Aaron.Nichols,Aaron.Nichols
sailpoint.object.WorkItem,1433794181797,1433794181797,Kumar of Veterinarians,Aaron.Nichols,Aaron.Nichols
sailpoint.object.WorkItem,1433794181797,1433794181797,Theoroi of Pharmacists,Aaron.Nichols,Aaron.Nichols
sailpoint.object.WorkItem,1433794181797,1433794181797,Yuvrani of Civil engineers,Aaron.Nichols,Aaron.Nichols
sailpoint.object.WorkItem,1433794181797,1433794181797,Haty-a of Actuarys,Aaron.Nichols,Aaron.Nichols
sailpoint.object.WorkItem,1433794181797,1433794181797,Chanyu of Police officers,Aaron.Nichols,Aaron.Nichols
sailpoint.object.WorkItem,1433794181797,1433794181797,Fidei defensor of Lawyers,Aaron.Nichols,Aaron.Nichols
sailpoint.object.WorkItem,1433794181797,1433794181797,Grand Admiral of Economists,Aaron.Nichols,Aaron.Nichols
sailpoint.object.WorkItem,1433794181797,1433794181797,Nuncio of Computer support specialists,Aaron.Nichols,Aaron.Nichols
sailpoint.object.WorkItem,1433794181797,1433794181797,Tribune of Mathematicians,Aaron.Nichols,Aaron.Nichols
sailpoint.object.WorkItem,1433794181797,1433794181797,Shah of Firefighters,Aaron.Nichols,Aaron.Nichols
sailpoint.object.WorkItem,1433794181797,1433794181797,Count of Loan officers,Aaron.Nichols,Aaron.Nichols
sailpoint.object.WorkItem,1433794181797,1433794181797,Varma of Environmental scientists,Aaron.Nichols,Aaron.Nichols
sailpoint.object.WorkItem,1433794181797,1433794181797,Prince of Database administrators,Aaron.Nichols,Aaron.Nichols
sailpoint.object.WorkItem,1433794181797,1433794181797,Kanstresios of Paralegals,Aaron.Nichols,Aaron.Nichols
sailpoint.object.WorkItem,1433794181797,1433794181797,Nawabzadi of Referees,Aaron.Nichols,Aaron.Nichols
sailpoint.object.WorkItem,1433794181797,1433794181797,Nawabzada of Electrical engineers,Aaron.Nichols,Aaron.Nichols
sailpoint.object.WorkItem,1433794181797,1433794181797,Dilochitès of Fitness trainers,Aaron.Nichols,Aaron.Nichols
sailpoint.object.WorkItem,1433794181797,1433794181797,Kolakretai of Systems analysts,Aaron.Nichols,Aaron.Nichols
sailpoint.object.WorkItem,1433794181797,1433794181797,Navarch of Photographers,Aaron.Nichols,Aaron.Nichols
sailpoint.object.WorkItem,1433794181797,1433794181797,Madam of Paralegals,Aaron.Nichols,Aaron.Nichols
sailpoint.object.WorkItem,1433794181797,1433794181797,Senior Aircraftman of Computer hardware engineers,Aaron.Nichols,Aaron.Nichols
sailpoint.object.WorkItem,1433794181797,1433794181797,Soter of Accountants,Aaron.Nichols,Aaron.Nichols
sailpoint.object.WorkItem,1433794181797,1433794181797,Chhatrapati of Agricultural and food scientists,Aaron.Nichols,Aaron.Nichols
sailpoint.object.WorkItem,1433794181797,1433794181797,Nuncio of Electricians,Aaron.Nichols,Aaron.Nichols
sailpoint.object.WorkItem,1433794181797,1433794181797,Buddha of Accountants,Aaron.Nichols,Aaron.Nichols
sailpoint.object.WorkItem,1433794181797,1433794181797,Aircraftman of Urban planners,Aaron.Nichols,Aaron.Nichols
sailpoint.object.WorkItem,1433794181797,1433794181797,Unsui of Secretarys,Aaron.Nichols,Aaron.Nichols
sailpoint.object.WorkItem,1433794181797,1433794181797,Concubinus of Secretarys,Aaron.Nichols,Aaron.Nichols
sailpoint.object.WorkItem,1433794181797,1433794181797,Upasaka of Educators,Aaron.Nichols,Aaron.Nichols
sailpoint.object.WorkItem,1433794181797,1433794181797,Nushi of Zoologists,Aaron.Nichols,Aaron.Nichols
sailpoint.object.WorkItem,1433794181797,1433794181797,Cardinal of Financial analysts,Aaron.Nichols,Aaron.Nichols
sailpoint.object.WorkItem,1433794181797,1433794181797,Polemarch of Microbiologists,Aaron.Nichols,Aaron.Nichols
sailpoint.object.WorkItem,1433794181797,1433794181797,Xiaozhang of Chemists,Aaron.Nichols,Aaron.Nichols
sailpoint.object.WorkItem,1433794181797,1433794181797,Earl Marshal of Environmental scientists,Aaron.Nichols,Aaron.Nichols
sailpoint.object.WorkItem,1433794181797,1433794181797,Argbadh of Editors,Aaron.Nichols,Aaron.Nichols
sailpoint.object.WorkItem,1433794181797,1433794181797,Venerable of Desktop publishers,Aaron.Nichols,Aaron.Nichols
sailpoint.object.WorkItem,1433794181797,1433794181797,Prithvi-vallabha of Real estate agents,Aaron.Nichols,Aaron.Nichols
sailpoint.object.WorkItem,1433794181797,1433794181797,Nomarch of Childcare workers,Aaron.Nichols,Aaron.Nichols
sailpoint.object.WorkItem,1433794181797,1433794181797,Malik of Judges,Aaron.Nichols,Aaron.Nichols
sailpoint.object.WorkItem,1433794181797,1433794181797,Proxenos of Editors,Aaron.Nichols,Aaron.Nichols
sailpoint.object.WorkItem,1433794181797,1433794181797,Thakore of Anthropologists,Aaron.Nichols,Aaron.Nichols
sailpoint.object.WorkItem,1433794181797,1433794181797,Ayatollah of Financial analysts,Aaron.Nichols,Aaron.Nichols
sailpoint.object.WorkItem,1433794181797,1433794181797,Elder of Librarians,Aaron.Nichols,Aaron.Nichols
sailpoint.object.WorkItem,1433794181797,1433794181797,Dame of Cost estimators,Aaron.Nichols,Aaron.Nichols
sailpoint.object.WorkItem,1433794181797,1433794181797,Protodeacon of Physicists,Aaron.Nichols,Aaron.Nichols
sailpoint.object.WorkItem,1433794181797,1433794181797,Kolakretai of Computer support specialists,Aaron.Nichols,Aaron.Nichols
sailpoint.object.WorkItem,1433794181797,1433794181797,Sebastos of Financial analysts,Aaron.Nichols,Aaron.Nichols
sailpoint.object.WorkItem,1433794181797,1433794181797,Earl Marshal of Web developers,Aaron.Nichols,Aaron.Nichols
sailpoint.object.WorkItem,1433794181797,1433794181797,Asapatish of Psychologists,Aaron.Nichols,Aaron.Nichols
sailpoint.object.WorkItem,1433794181797,1433794181797,Cardinal-nephew of Reporters,Aaron.Nichols,Aaron.Nichols
sailpoint.object.WorkItem,1433794181797,1433794181797,Maharana of Judges,Aaron.Nichols,Aaron.Nichols
sailpoint.object.WorkItem,1433794181797,1433794181797,Evangelist of Physicists,Aaron.Nichols,Aaron.Nichols
sailpoint.object.WorkItem,1433794181797,1433794181797,Imam of Judges,Aaron.Nichols,Aaron.Nichols
sailpoint.object.WorkItem,1433794181797,1433794181797,Assistant to the President & Deputy National Security Advisor of Accountants,Aaron.Nichols,Aaron.Nichols
sailpoint.object.WorkItem,1433794181797,1433794181797,Thakore of Paralegals,Aaron.Nichols,Aaron.Nichols
sailpoint.object.WorkItem,1433794181797,1433794181797,Nawabzada of Systems analysts,Aaron.Nichols,Aaron.Nichols
sailpoint.object.WorkItem,1433794181797,1433794181797,National Security Advisor of Agricultural and food scientists,Aaron.Nichols,Aaron.Nichols
sailpoint.object.WorkItem,1433794181797,1433794181797,Aspet of Human resources assistants,Aaron.Nichols,Aaron.Nichols
sailpoint.object.WorkItem,1433794181797,1433794181797,President of Database administrators,Aaron.Nichols,Aaron.Nichols
sailpoint.object.WorkItem,1433794181797,1433794181797,Her/ His/ Your Grace of Childcare workers,Aaron.Nichols,Aaron.Nichols
sailpoint.object.WorkItem,1433794181797,1433794181797,Imperator of Surveyors,Aaron.Nichols,Aaron.Nichols
sailpoint.object.WorkItem,1433794181797,1433794181797,Goodwife of Educators,Aaron.Nichols,Aaron.Nichols
sailpoint.object.WorkItem,1433794181797,1433794181797,Mahatma of Reporters,Aaron.Nichols,Aaron.Nichols
sailpoint.object.WorkItem,1433794181797,1433794181797,Protodeacon of Architects,Aaron.Nichols,Aaron.Nichols
sailpoint.object.WorkItem,1433794181797,1433794181797,Satrap of Firefighters,Aaron.Nichols,Aaron.Nichols
sailpoint.object.WorkItem,1433794181797,1433794181797,Pope of Court reporters,Aaron.Nichols,Aaron.Nichols
sailpoint.object.WorkItem,1433794181797,1433794181797,Imam of Childcare workers,Aaron.Nichols,Aaron.Nichols
sailpoint.object.WorkItem,1433794181797,1433794181797,Shigong of Cost estimators,Aaron.Nichols,Aaron.Nichols
sailpoint.object.WorkItem,1433794181797,1433794181797,Paygan Salarapoo of Environmental scientists,Aaron.Nichols,Aaron.Nichols
sailpoint.object.WorkItem,1433794181797,1433794181797,Goodman of Lawyers,Aaron.Nichols,Aaron.Nichols
sailpoint.object.WorkItem,1433794181797,1433794181797,Amban of Real estate agents,Aaron.Nichols,Aaron.Nichols
sailpoint.object.WorkItem,1433794181797,1433794181797,Concubinus of Actuarys,Aaron.Nichols,Aaron.Nichols
sailpoint.object.WorkItem,1433794181797,1433794181797,Exarch of Drafters,Aaron.Nichols,Aaron.Nichols
sailpoint.object.WorkItem,1433794181797,1433794181797,Bishop of Chemists,Aaron.Nichols,Aaron.Nichols
sailpoint.object.WorkItem,1433794181797,1433794181797,Her/ His/ Your Serene Highness of Pharmacists,Aaron.Nichols,Aaron.Nichols
sailpoint.object.WorkItem,1433794181797,1433794181797,Kolakretai of Fitness trainers,Aaron.Nichols,Aaron.Nichols
sailpoint.object.WorkItem,1433794181797,1433794181797,Augusta of Real estate agents,Aaron.Nichols,Aaron.Nichols
sailpoint.object.WorkItem,1433794181797,1433794181797,Hegumenia of Economists,Aaron.Nichols,Aaron.Nichols
sailpoint.object.WorkItem,1433794181797,1433794181797,Catholicos of Microbiologists,Aaron.Nichols,Aaron.Nichols
sailpoint.object.WorkItem,1433794181797,1433794181797,Cardinal-nephew of Actors,Aaron.Nichols,Aaron.Nichols
sailpoint.object.WorkItem,1433794181797,1433794181797,Yuvrani of Pharmacists,Aaron.Nichols,Aaron.Nichols
sailpoint.object.WorkItem,1433794181797,1433794181797,Sultan of Police officers,Aaron.Nichols,Aaron.Nichols
sailpoint.object.WorkItem,1433794181797,1433794181797,Navarch of Firefighters,Aaron.Nichols,Aaron.Nichols
sailpoint.object.WorkItem,1433794181797,1433794181797,Upajjhaya of Musicians,Aaron.Nichols,Aaron.Nichols
sailpoint.object.WorkItem,1433794181797,1433794181797,High priestess of Veterinarians,Aaron.Nichols,Aaron.Nichols
sailpoint.object.WorkItem,1433794181797,1433794181797,Tribune of Environmental scientists,Aaron.Nichols,Aaron.Nichols
sailpoint.object.WorkItem,1433794181797,1433794181797,Her/Your Ladyship of Psychologists,Aaron.Nichols,Aaron.Nichols
sailpoint.object.WorkItem,1433794181797,1433794181797,Naib of Pharmacists,Aaron.Nichols,Aaron.Nichols
sailpoint.object.WorkItem,1433794181797,1433794181797,Magister Officiorum of Secretarys,Aaron.Nichols,Aaron.Nichols
sailpoint.object.WorkItem,1433794181797,1433794181797,President of Professional athletes,Aaron.Nichols,Aaron.Nichols
sailpoint.object.WorkItem,1433794181797,1433794181797,Dom of Physicians,Aaron.Nichols,Aaron.Nichols
sailpoint.object.WorkItem,1433794181797,1433794181797,Major archbishop of Architects,Aaron.Nichols,Aaron.Nichols
sailpoint.object.WorkItem,1433794181797,1433794181797,Taxiarch of Pornographers,Aaron.Nichols,Aaron.Nichols
sailpoint.object.WorkItem,1433794181797,1433794181797,Varma of Electricians,Aaron.Nichols,Aaron.Nichols
sailpoint.object.WorkItem,1433794181797,1433794181797,Spahbod of Environmental scientists,Aaron.Nichols,Aaron.Nichols
sailpoint.object.WorkItem,1433794181797,1433794181797,Aesymnetes of Anthropologists,Aaron.Nichols,Aaron.Nichols
sailpoint.object.WorkItem,1433794181797,1433794181797,Arahant of Childcare workers,Aaron.Nichols,Aaron.Nichols
sailpoint.object.WorkItem,1433794181797,1433794181797,Chiliarch of Statisticians,Aaron.Nichols,Aaron.Nichols
sailpoint.object.WorkItem,1433794181797,1433794181797,Chieftain of Psychologists,Aaron.Nichols,Aaron.Nichols
sailpoint.object.WorkItem,1433794181797,1433794181797,Yishi of Veterinarians,Aaron.Nichols,Aaron.Nichols
sailpoint.object.WorkItem,1433794181797,1433794181797,Magister Officiorum of Psychologists,Aaron.Nichols,Aaron.Nichols
sailpoint.object.WorkItem,1433794181797,1433794181797,Grand Master of Pharmacists,Aaron.Nichols,Aaron.Nichols
sailpoint.object.WorkItem,1433794181797,1433794181797,Hojatoleslam of Social workers,Aaron.Nichols,Aaron.Nichols
sailpoint.object.WorkItem,1433794181797,1433794181797,Tagmatarchis of Real estate agents,Aaron.Nichols,Aaron.Nichols
sailpoint.object.WorkItem,1433794181797,1433794181797,Nushi of Police officers,Aaron.Nichols,Aaron.Nichols
sailpoint.object.WorkItem,1433794181797,1433794181797,Malik of Paralegals,Aaron.Nichols,Aaron.Nichols
sailpoint.object.WorkItem,1433794181797,1433794181797,Caliph of Urban planners,Aaron.Nichols,Aaron.Nichols
sailpoint.object.WorkItem,1433794181797,1433794181797,Basileus of Professional athletes,Aaron.Nichols,Aaron.Nichols
sailpoint.object.WorkItem,1433794181797,1433794181797,Consul of Educators,Aaron.Nichols,Aaron.Nichols
sailpoint.object.WorkItem,1433794181797,1433794181797,Lochagos of Statisticians,Aaron.Nichols,Aaron.Nichols
sailpoint.object.WorkItem,1433794181797,1433794181797,Praetor of Computer support specialists,Aaron.Nichols,Aaron.Nichols
sailpoint.object.WorkItem,1433794181797,1433794181797,Corporal of Anthropologists,Aaron.Nichols,Aaron.Nichols
sailpoint.object.WorkItem,1433794181797,1433794181797,Gyoja of Photographers,Aaron.Nichols,Aaron.Nichols
sailpoint.object.WorkItem,1433794181797,1433794181797,Nobilissimus of Actors,Aaron.Nichols,Aaron.Nichols
sailpoint.object.WorkItem,1433794181797,1433794181797,Tagmatarchis of Registered nurses,Aaron.Nichols,Aaron.Nichols
sailpoint.object.WorkItem,1433794181797,1433794181797,Countess of Farmers,Aaron.Nichols,Aaron.Nichols
sailpoint.object.WorkItem,1433794181797,1433794181797,Dilochitès of Software developers,Aaron.Nichols,Aaron.Nichols
sailpoint.object.WorkItem,1433794181797,1433794181797,Imperatrice of Registered nurses,Aaron.Nichols,Aaron.Nichols
sailpoint.object.WorkItem,1433794181797,1433794181797,Yishi of Electrical engineers,Aaron.Nichols,Aaron.Nichols
sailpoint.object.WorkItem,1433794181797,1433794181797,Begum of Pharmacists,Aaron.Nichols,Aaron.Nichols
sailpoint.object.WorkItem,1433794181797,1433794181797,Lord Great Chamberlain of Electrical engineers,Aaron.Nichols,Aaron.Nichols
sailpoint.object.WorkItem,1433794181797,1433794181797,Archimandrite of Professional athletes,Aaron.Nichols,Aaron.Nichols
sailpoint.object.WorkItem,1433794181797,1433794181797,Archduke of Financial analysts,Aaron.Nichols,Aaron.Nichols
sailpoint.object.WorkItem,1433794181797,1433794181797,Bapu of Agricultural and food scientists,Aaron.Nichols,Aaron.Nichols
sailpoint.object.WorkItem,1433794181797,1433794181797,Guardian Immortal of Web developers,Aaron.Nichols,Aaron.Nichols
sailpoint.object.WorkItem,1433794181797,1433794181797,Maharana of Photographers,Aaron.Nichols,Aaron.Nichols
sailpoint.object.WorkItem,1433794181797,1433794181797,Herzog of Web developers,Aaron.Nichols,Aaron.Nichols
sailpoint.object.WorkItem,1433794181797,1433794181797,Ayatollah of Budget analysts,Aaron.Nichols,Aaron.Nichols
sailpoint.object.WorkItem,1433794181797,1433794181797,Don of Anthropologists,Aaron.Nichols,Aaron.Nichols
sailpoint.object.WorkItem,1433794181797,1433794181797,Chairwoman of Agricultural and food scientists,Aaron.Nichols,Aaron.Nichols
sailpoint.object.WorkItem,1433794181797,1433794181797,Dux of Desktop publishers,Aaron.Nichols,Aaron.Nichols
sailpoint.object.WorkItem,1433794181797,1433794181797,Professor of Chemists,Aaron.Nichols,Aaron.Nichols
sailpoint.object.WorkItem,1433794181797,1433794181797,Peace Be Upon Him of Dancers,Aaron.Nichols,Aaron.Nichols
sailpoint.object.WorkItem,1433794181797,1433794181797,Anax of Computer hardware engineers,Aaron.Nichols,Aaron.Nichols
sailpoint.object.WorkItem,1433794181797,1433794181797,Zamindar of Statisticians,Aaron.Nichols,Aaron.Nichols
sailpoint.object.WorkItem,1433794181797,1433794181797,Upajjhaya of Environmental scientists,Aaron.Nichols,Aaron.Nichols
sailpoint.object.WorkItem,1433794181797,1433794181797,Sacristan of Carpenters,Aaron.Nichols,Aaron.Nichols
sailpoint.object.WorkItem,1433794181797,1433794181797,Grand duke of Urban planners,Aaron.Nichols,Aaron.Nichols
sailpoint.object.WorkItem,1433794181797,1433794181797,Professor Emeritus of Economists,Aaron.Nichols,Aaron.Nichols
sailpoint.object.WorkItem,1433794181797,1433794181797,Theorodokoi of Agricultural and food scientists,Aaron.Nichols,Aaron.Nichols
sailpoint.object.WorkItem,1433794181797,1433794181797,Corporal of Historians,Aaron.Nichols,Aaron.Nichols
sailpoint.object.WorkItem,1433794181797,1433794181797,Herzog of Microbiologists,Aaron.Nichols,Aaron.Nichols
sailpoint.object.WorkItem,1433794181797,1433794181797,Hadrat of Bookkeeping clerks,Aaron.Nichols,Aaron.Nichols
sailpoint.object.WorkItem,1433794181797,1433794181797,Fan-bearer on the Right Side of the King of Electricians,Aaron.Nichols,Aaron.Nichols
sailpoint.object.WorkItem,1433794181797,1433794181797,Savakabuddha of Pharmacists,Aaron.Nichols,Aaron.Nichols
sailpoint.object.WorkItem,1433794181797,1433794181797,Assistant Professor of Librarians,Aaron.Nichols,Aaron.Nichols
sailpoint.object.WorkItem,1433794181797,1433794181797,Baroness of Surveyors,Aaron.Nichols,Aaron.Nichols
sailpoint.object.WorkItem,1433794181797,1433794181797,Divine Adoratrice of Database administrators,Aaron.Nichols,Aaron.Nichols
sailpoint.object.WorkItem,1433794181797,1433794181797,Spahbod of Designers,Aaron.Nichols,Aaron.Nichols
sailpoint.object.WorkItem,1433794181797,1433794181797,Assistant in Virtue of Electricians,Aaron.Nichols,Aaron.Nichols
sailpoint.object.WorkItem,1433794181797,1433794181797,Lord Great Chamberlain of Librarians,Aaron.Nichols,Aaron.Nichols
sailpoint.object.WorkItem,1433794181797,1433794181797,Nawabzadi of Social workers,Aaron.Nichols,Aaron.Nichols
sailpoint.object.WorkItem,1433794181797,1433794181797,King of Arms of Architects,Aaron.Nichols,Aaron.Nichols
sailpoint.object.WorkItem,1433794181797,1433794181797,National Security Advisor of Educators,Aaron.Nichols,Aaron.Nichols
sailpoint.object.WorkItem,1433794181797,1433794181797,Goodman of Referees,Aaron.Nichols,Aaron.Nichols
sailpoint.object.WorkItem,1433794181797,1433794181797,Begum of Agricultural and food scientists,Aaron.Nichols,Aaron.Nichols
sailpoint.object.WorkItem,1433794181797,1433794181797,Dàifu of Mathematicians,Aaron.Nichols,Aaron.Nichols
sailpoint.object.WorkItem,1433794181797,1433794181797,Thakurani of Database administrators,Aaron.Nichols,Aaron.Nichols
sailpoint.object.WorkItem,1433794181797,1433794181797,Lord Privy Seal of Physicists,Aaron.Nichols,Aaron.Nichols
sailpoint.object.WorkItem,1433794181797,1433794181797,Lonko of Chemists,Aaron.Nichols,Aaron.Nichols
sailpoint.object.WorkItem,1433794181797,1433794181797,Leading Aircraftwoman of Landscape architects,Aaron.Nichols,Aaron.Nichols
sailpoint.object.WorkItem,1433794181797,1433794181797,Gyoja of Paralegals,Aaron.Nichols,Aaron.Nichols
sailpoint.object.WorkItem,1433794181797,1433794181797,Exarch of Designers,Aaron.Nichols,Aaron.Nichols
sailpoint.object.WorkItem,1433794181797,1433794181797,Principal Lecturer of Systems analysts,Aaron.Nichols,Aaron.Nichols
sailpoint.object.WorkItem,1433794181797,1433794181797,Khawaja of Musicians,Aaron.Nichols,Aaron.Nichols
sailpoint.object.WorkItem,1433794181797,1433794181797,Chairman of Editors,Aaron.Nichols,Aaron.Nichols
sailpoint.object.WorkItem,1433794181797,1433794181797,Empress of Landscape architects,Aaron.Nichols,Aaron.Nichols
sailpoint.object.WorkItem,1433794181797,1433794181797,Her/His/Your Imperial Majesty of Environmental scientists,Aaron.Nichols,Aaron.Nichols
sailpoint.object.WorkItem,1433794181797,1433794181797,Shifu of Computer support specialists,Aaron.Nichols,Aaron.Nichols
sailpoint.object.WorkItem,1433794181797,1433794181797,Assistant Professor of Referees,Aaron.Nichols,Aaron.Nichols
sailpoint.object.WorkItem,1433794181797,1433794181797,Duke of Cost estimators,Aaron.Nichols,Aaron.Nichols
sailpoint.object.WorkItem,1433794181797,1433794181797,Pirani of Urban planners,Aaron.Nichols,Aaron.Nichols
sailpoint.object.WorkItem,1433794181797,1433794181797,Peshwa of Musicians,Aaron.Nichols,Aaron.Nichols
sailpoint.object.WorkItem,1433794181797,1433794181797,Emperor of Childcare workers,Aaron.Nichols,Aaron.Nichols
sailpoint.object.WorkItem,1433794181797,1433794181797,Pope of Electricians,Aaron.Nichols,Aaron.Nichols
sailpoint.object.WorkItem,1433794181797,1433794181797,Cardinal of Artists,Aaron.Nichols,Aaron.Nichols
sailpoint.object.WorkItem,1433794181797,1433794181797,Xiaojie of Electricians,Aaron.Nichols,Aaron.Nichols
sailpoint.object.WorkItem,1433794181797,1433794181797,Ayatollah of Software developers,Aaron.Nichols,Aaron.Nichols
sailpoint.object.WorkItem,1433794181797,1433794181797,Recipient of Edicts of Human resources assistants,Aaron.Nichols,Aaron.Nichols
sailpoint.object.WorkItem,1433794181797,1433794181797,Lochagos of Veterinarians,Aaron.Nichols,Aaron.Nichols
sailpoint.object.WorkItem,1433794181797,1433794181797,Xry Hbt of Historians,Aaron.Nichols,Aaron.Nichols
sailpoint.object.WorkItem,1433794181797,1433794181797,Aircraftman of Actors,Aaron.Nichols,Aaron.Nichols
sailpoint.object.WorkItem,1433794181797,1433794181797,Senior Lecturer of Pornographers,Aaron.Nichols,Aaron.Nichols
sailpoint.object.WorkItem,1433794181797,1433794181797,Her/His/Your Imperial Majesty of Computer hardware engineers,Aaron.Nichols,Aaron.Nichols
sailpoint.object.WorkItem,1433794181797,1433794181797,Hegumen of Reporters,Aaron.Nichols,Aaron.Nichols
sailpoint.object.WorkItem,1433794181797,1433794181797,Nakharar of Actors,Aaron.Nichols,Aaron.Nichols
sailpoint.object.WorkItem,1433794181797,1433794181797,Swami of Dancers,Aaron.Nichols,Aaron.Nichols
sailpoint.object.WorkItem,1433794181797,1433794181797,Her/ His/ Your Grace of Systems analysts,Aaron.Nichols,Aaron.Nichols
sailpoint.object.WorkItem,1433794181797,1433794181797,Yisheng of Loan officers,Aaron.Nichols,Aaron.Nichols
sailpoint.object.WorkItem,1433794181797,1433794181797,Toqui of Police officers,Aaron.Nichols,Aaron.Nichols
sailpoint.object.WorkItem,1433794181797,1433794181797,Caesar of Writers,Aaron.Nichols,Aaron.Nichols
sailpoint.object.WorkItem,1433794181797,1433794181797,Taitai of Electricians,Aaron.Nichols,Aaron.Nichols
sailpoint.object.WorkItem,1433794181797,1433794181797,Lonko of Secretarys,Aaron.Nichols,Aaron.Nichols
sailpoint.object.WorkItem,1433794181797,1433794181797,Sultan of Chemists,Aaron.Nichols,Aaron.Nichols
sailpoint.object.WorkItem,1433794181797,1433794181797,Weiyuán of Cost estimators,Aaron.Nichols,Aaron.Nichols
sailpoint.object.WorkItem,1433794181797,1433794181797,National Security Advisor of Editors,Aaron.Nichols,Aaron.Nichols
sailpoint.object.WorkItem,1433794181797,1433794181797,Grand Admiral of Surveyors,Aaron.Nichols,Aaron.Nichols
sailpoint.object.WorkItem,1433794181797,1433794181797,Caliph of Zoologists,Aaron.Nichols,Aaron.Nichols
sailpoint.object.WorkItem,1433794181797,1433794181797,Master of the Sacred Palace of Court reporters,Aaron.Nichols,Aaron.Nichols
sailpoint.object.WorkItem,1433794181797,1433794181797,National Security Advisor of Police officers,Aaron.Nichols,Aaron.Nichols
sailpoint.object.WorkItem,1433794181797,1433794181797,Naib of Economists,Aaron.Nichols,Aaron.Nichols
sailpoint.object.WorkItem,1433794181797,1433794181797,Raja of Judges,Aaron.Nichols,Aaron.Nichols
sailpoint.object.WorkItem,1433794181797,1433794181797,Ganden Tripa of Social workers,Aaron.Nichols,Aaron.Nichols
sailpoint.object.WorkItem,1433794181797,1433794181797,Her/ His/ Your Royal Highness of Desktop publishers,Aaron.Nichols,Aaron.Nichols
sailpoint.object.WorkItem,1433794181797,1433794181797,Toqui of Dancers,Aaron.Nichols,Aaron.Nichols
sailpoint.object.WorkItem,1433794181797,1433794181797,Hegumen of Accountants,Aaron.Nichols,Aaron.Nichols
sailpoint.object.WorkItem,1433794181797,1433794181797,Roju of Psychologists,Aaron.Nichols,Aaron.Nichols
sailpoint.object.WorkItem,1433794181797,1433794181797,Secretary of State of Registered nurses,Aaron.Nichols,Aaron.Nichols
sailpoint.object.WorkItem,1433794181797,1433794181797,Dimoirites of Fitness trainers,Aaron.Nichols,Aaron.Nichols
sailpoint.object.WorkItem,1433794181797,1433794181797,National Security Advisor of Electrical engineers,Aaron.Nichols,Aaron.Nichols
sailpoint.object.WorkItem,1433794181797,1433794181797,Despot of Desktop publishers,Aaron.Nichols,Aaron.Nichols
sailpoint.object.WorkItem,1433794181797,1433794181797,Prime minister of Professional athletes,Aaron.Nichols,Aaron.Nichols
sailpoint.object.WorkItem,1433794181797,1433794181797,Raja of Zoologists,Aaron.Nichols,Aaron.Nichols
sailpoint.object.WorkItem,1433794181797,1433794181797,Primate of Writers,Aaron.Nichols,Aaron.Nichols
sailpoint.object.WorkItem,1433794181797,1433794181797,Nawabzadi of Referees,Aaron.Nichols,Aaron.Nichols
sailpoint.object.WorkItem,1433794181797,1433794181797,Hojatoleslam of Electrical engineers,Aaron.Nichols,Aaron.Nichols
sailpoint.object.WorkItem,1433794181797,1433794181797,The Right Honourable of Loan officers,Aaron.Nichols,Aaron.Nichols
sailpoint.object.WorkItem,1433794181797,1433794181797,Dom of Editors,Aaron.Nichols,Aaron.Nichols
sailpoint.object.WorkItem,1433794181797,1433794181797,Kolakretai of Loan officers,Aaron.Nichols,Aaron.Nichols
sailpoint.object.WorkItem,1433794181797,1433794181797,Guardian Immortal of Referees,Aaron.Nichols,Aaron.Nichols
sailpoint.object.WorkItem,1433794181797,1433794181797,Diakonissa of Actors,Aaron.Nichols,Aaron.Nichols
sailpoint.object.WorkItem,1433794181797,1433794181797,Generalissimo of Paralegals,Aaron.Nichols,Aaron.Nichols
sailpoint.object.WorkItem,1433794181797,1433794181797,Chancellor of Photographers,Aaron.Nichols,Aaron.Nichols
sailpoint.object.WorkItem,1433794181797,1433794181797,Chief of Microbiologists,Aaron.Nichols,Aaron.Nichols
sailpoint.object.WorkItem,1433794181797,1433794181797,Voivode of Police officers,Aaron.Nichols,Aaron.Nichols
sailpoint.object.WorkItem,1433794181797,1433794181797,Maharana of Surveyors,Aaron.Nichols,Aaron.Nichols
sailpoint.object.WorkItem,1433794181797,1433794181797,Maharani of Pornographers,Aaron.Nichols,Aaron.Nichols
sailpoint.object.WorkItem,1433794181797,1433794181797,Talented of Editors,Aaron.Nichols,Aaron.Nichols
sailpoint.object.WorkItem,1433794181797,1433794181797,Grand prince of Judges,Aaron.Nichols,Aaron.Nichols
sailpoint.object.WorkItem,1433794181797,1433794181797,Dean of Professional athletes,Aaron.Nichols,Aaron.Nichols
sailpoint.object.WorkItem,1433794181797,1433794181797,Sakellarios of Paralegals,Aaron.Nichols,Aaron.Nichols
sailpoint.object.WorkItem,1433794181797,1433794181797,Herald of Lawyers,Aaron.Nichols,Aaron.Nichols
sailpoint.object.WorkItem,1433794181797,1433794181797,Ilarchès of Reporters,Aaron.Nichols,Aaron.Nichols
sailpoint.object.WorkItem,1433794181797,1433794181797,Hellenotamiae of Secretarys,Aaron.Nichols,Aaron.Nichols
sailpoint.object.WorkItem,1433794181797,1433794181797,Nomarch of Firefighters,Aaron.Nichols,Aaron.Nichols
sailpoint.object.WorkItem,1433794181797,1433794181797,Furén of Economists,Aaron.Nichols,Aaron.Nichols
sailpoint.object.WorkItem,1433794181797,1433794181797,Basileus of Registered nurses,Aaron.Nichols,Aaron.Nichols
sailpoint.object.WorkItem,1433794181797,1433794181797,Sahibah of Dancers,Aaron.Nichols,Aaron.Nichols
sailpoint.object.WorkItem,1433794181797,1433794181797,Furén of Pornographers,Aaron.Nichols,Aaron.Nichols
sailpoint.object.WorkItem,1433794181797,1433794181797,Shifu of Bookkeeping clerks,Aaron.Nichols,Aaron.Nichols
sailpoint.object.WorkItem,1433794181797,1433794181797,Grand Inquisitor of Economists,Aaron.Nichols,Aaron.Nichols
sailpoint.object.WorkItem,1433794181797,1433794181797,Sibyl of Pharmacists,Aaron.Nichols,Aaron.Nichols
sailpoint.object.WorkItem,1433794181797,1433794181797,Dàifu of Carpenters,Aaron.Nichols,Aaron.Nichols
sailpoint.object.WorkItem,1433794181797,1433794181797,Count of Editors,Aaron.Nichols,Aaron.Nichols
sailpoint.object.WorkItem,1433794181797,1433794181797,Chieftain of Computer support specialists,Aaron.Nichols,Aaron.Nichols
sailpoint.object.WorkItem,1433794181797,1433794181797,Sergeant of Editors,Aaron.Nichols,Aaron.Nichols
sailpoint.object.WorkItem,1433794181797,1433794181797,Beauty of Musicians,Aaron.Nichols,Aaron.Nichols
sailpoint.object.WorkItem,1433794181797,1433794181797,Cardinal of Actuarys,Aaron.Nichols,Aaron.Nichols
sailpoint.object.WorkItem,1433794181797,1433794181797,Cardinal of Social workers,Aaron.Nichols,Aaron.Nichols
sailpoint.object.WorkItem,1433794181797,1433794181797,Shimu of Court reporters,Aaron.Nichols,Aaron.Nichols
sailpoint.object.WorkItem,1433794181797,1433794181797,Captain of Social workers,Aaron.Nichols,Aaron.Nichols
sailpoint.object.WorkItem,1433794181797,1433794181797,Roju of Psychologists,Aaron.Nichols,Aaron.Nichols
sailpoint.object.WorkItem,1433794181797,1433794181797,Archpriest of Psychologists,Aaron.Nichols,Aaron.Nichols
sailpoint.object.WorkItem,1433794181797,1433794181797,Goodwife of Registered nurses,Aaron.Nichols,Aaron.Nichols
sailpoint.object.WorkItem,1433794181797,1433794181797,Hellenotamiae of Physicians,Aaron.Nichols,Aaron.Nichols
sailpoint.object.WorkItem,1433794181797,1433794181797,Maha-kshtrapa of Environmental scientists,Aaron.Nichols,Aaron.Nichols
sailpoint.object.WorkItem,1433794181797,1433794181797,Roju of Secretarys,Aaron.Nichols,Aaron.Nichols
sailpoint.object.WorkItem,1433794181797,1433794181797,Chairwoman of Budget analysts,Aaron.Nichols,Aaron.Nichols
sailpoint.object.WorkItem,1433794181797,1433794181797,Begum of Web developers,Aaron.Nichols,Aaron.Nichols
sailpoint.object.WorkItem,1433794181797,1433794181797,Zhuxi of Zoologists,Aaron.Nichols,Aaron.Nichols
sailpoint.object.WorkItem,1433794181797,1433794181797,Tóngzhi of Actuarys,Aaron.Nichols,Aaron.Nichols
sailpoint.object.WorkItem,1433794181797,1433794181797,Zongshi of Writers,Aaron.Nichols,Aaron.Nichols
sailpoint.object.WorkItem,1433794181797,1433794181797,Sibyl of Secretarys,Aaron.Nichols,Aaron.Nichols
sailpoint.object.WorkItem,1433794181797,1433794181797,Tetrarch of Dancers,Aaron.Nichols,Aaron.Nichols
sailpoint.object.WorkItem,1433794181797,1433794181797,Argbadh of Economists,Aaron.Nichols,Aaron.Nichols
sailpoint.object.WorkItem,1433794181797,1433794181797,Anax of Anthropologists,Aaron.Nichols,Aaron.Nichols
sailpoint.object.WorkItem,1433794181797,1433794181797,Agonothetes of Referees,Aaron.Nichols,Aaron.Nichols
sailpoint.object.WorkItem,1433794181797,1433794181797,Syntagmatarchis of Automotive mechanics,Aaron.Nichols,Aaron.Nichols
sailpoint.object.WorkItem,1433794181797,1433794181797,Pharaoh of Psychologists,Aaron.Nichols,Aaron.Nichols
sailpoint.object.WorkItem,1433794181797,1433794181797,Governor of Cost estimators,Aaron.Nichols,Aaron.Nichols
sailpoint.object.WorkItem,1433794181797,1433794181797,Arahant of Educators,Aaron.Nichols,Aaron.Nichols
sailpoint.object.WorkItem,1433794181797,1433794181797,Magister Officiorum of Psychologists,Aaron.Nichols,Aaron.Nichols
sailpoint.object.WorkItem,1433794181797,1433794181797,Pope of Electricians,Aaron.Nichols,Aaron.Nichols
sailpoint.object.WorkItem,1433794181797,1433794181797,Arahant of Historians,Aaron.Nichols,Aaron.Nichols
sailpoint.object.WorkItem,1433794181797,1433794181797,Tagmatarchis of Carpenters,Aaron.Nichols,Aaron.Nichols
sailpoint.object.WorkItem,1433794181797,1433794181797,Centurion of Systems analysts,Aaron.Nichols,Aaron.Nichols
sailpoint.object.WorkItem,1433794181797,1433794181797,Bishop of Landscape architects,Aaron.Nichols,Aaron.Nichols
sailpoint.object.WorkItem,1433794181797,1433794181797,Xry Hbt of Desktop publishers,Aaron.Nichols,Aaron.Nichols
sailpoint.object.WorkItem,1433794181797,1433794181797,Shaman of Systems analysts,Aaron.Nichols,Aaron.Nichols
sailpoint.object.WorkItem,1433794181797,1433794181797,Aesymnetes of Lawyers,Aaron.Nichols,Aaron.Nichols
sailpoint.object.WorkItem,1433794181797,1433794181797,Nizam of Mathematicians,Aaron.Nichols,Aaron.Nichols
sailpoint.object.WorkItem,1433794181797,1433794181797,Madam of Psychologists,Aaron.Nichols,Aaron.Nichols
sailpoint.object.WorkItem,1433794181797,1433794181797,President of Firefighters,Aaron.Nichols,Aaron.Nichols
sailpoint.object.WorkItem,1433794181797,1433794181797,Voivode of Photographers,Aaron.Nichols,Aaron.Nichols
sailpoint.object.WorkItem,1433794181797,1433794181797,Ganden Tripa of Mathematicians,Aaron.Nichols,Aaron.Nichols
sailpoint.object.WorkItem,1433794181797,1433794181797,Epihipparch of Fitness trainers,Aaron.Nichols,Aaron.Nichols
sailpoint.object.WorkItem,1433794181797,1433794181797,Lugal of Fitness trainers,Aaron.Nichols,Aaron.Nichols
sailpoint.object.WorkItem,1433794181797,1433794181797,Bishop of Court reporters,Aaron.Nichols,Aaron.Nichols
sailpoint.object.WorkItem,1433794181797,1433794181797,Her/His/Your Imperial Majesty of Anthropologists,Aaron.Nichols,Aaron.Nichols
sailpoint.object.WorkItem,1433794181797,1433794181797,Lugal of Actuarys,Aaron.Nichols,Aaron.Nichols
sailpoint.object.WorkItem,1433794181797,1433794181797,Nizam of Agricultural and food scientists,Aaron.Nichols,Aaron.Nichols
sailpoint.object.WorkItem,1433794181797,1433794181797,Theorodokoi of Reporters,Aaron.Nichols,Aaron.Nichols
sailpoint.object.WorkItem,1433794181797,1433794181797,Decurio of Farmers,Aaron.Nichols,Aaron.Nichols
sailpoint.object.WorkItem,1433794181797,1433794181797,Catholicos of Budget analysts,Aaron.Nichols,Aaron.Nichols
sailpoint.object.WorkItem,1433794181797,1433794181797,Elder of Real estate agents,Aaron.Nichols,Aaron.Nichols
sailpoint.object.WorkItem,1433794181797,1433794181797,Tenzo of Dancers,Aaron.Nichols,Aaron.Nichols
sailpoint.object.WorkItem,1433794181797,1433794181797,Grand Inquisitor of Physicians,Aaron.Nichols,Aaron.Nichols
sailpoint.object.WorkItem,1433794181797,1433794181797,Prime minister of Professional athletes,Aaron.Nichols,Aaron.Nichols
sailpoint.object.WorkItem,1433794181797,1433794181797,Dame of Veterinarians,Aaron.Nichols,Aaron.Nichols
sailpoint.object.WorkItem,1433794181797,1433794181797,Grand Inquisitor of Computer hardware engineers,Aaron.Nichols,Aaron.Nichols
sailpoint.object.WorkItem,1433794181797,1433794181797,Kumar of Educators,Aaron.Nichols,Aaron.Nichols
sailpoint.object.WorkItem,1433794181797,1433794181797,Fan-bearer on the Right Side of the King of Farmers,Aaron.Nichols,Aaron.Nichols
sailpoint.object.WorkItem,1433794181797,1433794181797,Her/Your Ladyship of Economists,Aaron.Nichols,Aaron.Nichols
sailpoint.object.WorkItem,1433794181797,1433794181797,Bapu of Psychologists,Aaron.Nichols,Aaron.Nichols
sailpoint.object.WorkItem,1433794181797,1433794181797,Assistant Professor of Economists,Aaron.Nichols,Aaron.Nichols
sailpoint.object.WorkItem,1433794181797,1433794181797,Shogun of Financial analysts,Aaron.Nichols,Aaron.Nichols
sailpoint.object.WorkItem,1433794181797,1433794181797,Aircraftman of Microbiologists,Aaron.Nichols,Aaron.Nichols
sailpoint.object.WorkItem,1433794181797,1433794181797,Archduke of Urban planners,Aaron.Nichols,Aaron.Nichols
